Nom substance active;Numero CAS;Etat d’autorisation;Variant;
Isoxaflutole;141112-29-0;INSCRITE;isoxaflutole;
Bromoxynil;1689-99-2 (bromoxynil octanoate) | 1689-84-5 | 56634-95-8 (bromoxynil heptanoate);NON_INSCRITE;bromoxynil | bromoxynil octanoate | bromoxynil butyrate | bromoxil (octanoate, heptanoate) | bromoxynil phenol | bromoxynil sel d'amine | bromoxynil heptanoate | bromoxynil sel de potassium;
Benalaxyl;71626-11-4;NON_INSCRITE;bénalaxyl;
Coniothyrium minitans strain CON/M/91-08;;INSCRITE;Coniothyrium minitans Souche CON/M/91-08;
Propyzamide;23950-58-5;INSCRITE;propyzamide;
Thiram;137-26-8;NON_INSCRITE;thirame;
Beta-Cyfluthrin;68359-37-5;NON_INSCRITE;Beta-Cyfluthrin;
Desmedipham;13684-56-5;NON_INSCRITE;desmédiphame;
Flurtamone;96525-23-4;NON_INSCRITE;Flurtamone;
Methoxyfenozide;161050-58-4;INSCRITE;méthoxyfénozide;
Methiocarb;2032-65-7;NON_INSCRITE;Methiocarb;
Benzovindiflupyr;;INSCRITE;benzovindiflupyr;
Bacillus amyloliquefaciens FZB24;;INSCRITE;Bacillus amyloliquefaciens souche FZB24;
Pseudomonas sp. Strain DSMZ 13134;;INSCRITE;Pseudomonas sp. Strain DSMZ 13134 | Pseudomonas sp. souche DSMZ 13134;
Flupyrsulfuron-methyl;144740-54-5;NON_INSCRITE;flupyrsulfuron-methyl;
Sulfoxaflor;946578-00-3;INSCRITE;sulfoxaflor;
3-decen-2-one;;NON_INSCRITE;3-decen-2-one;
A15149W;;INSCRIPTION_EN_COURS;A15149W;
Flutianil;958647-10-4;INSCRITE;flutianil;
Orthosulfamuron;;NON_INSCRITE;orthosulfamuron;
Amitrole;61-82-5;NON_INSCRITE;Amitrole;
Prosulfuron;94125-34-5;INSCRITE;prosulfuron | CA 741 A (intermédiaire de prosulfuron);
Acibenzolar-S-methyl;135158-54-2;INSCRITE;acibenzolar-S-methyl;
Chlorsulfuron;64902-72-3;NON_INSCRITE;chlorsulfuron;
Bacillus subtilis strain IAB/BS03;;INSCRITE;Bacillus subtilis souche IAB/BS03;
Pasteuria nishizawae Pn1;;INSCRITE;Pasteuria nishizawae Pn1;
Ampelomyces quisqualis strain AQ10;;INSCRITE;Ampelomyces quisqualis strain AQ10 | Ampelomyces quisqualis souche AQ10 | Ampelomyces quisqualis Souche: AQ 10 Collection de cultures No CNCM I-807;
Beauveria bassiana PPRI5339;;INSCRITE;Beauveria bassiana PPRI5339;
Thiacloprid;111988-49-9;NON_INSCRITE;thiaclopride;
Fenamidone;161326-34-7;NON_INSCRITE;fénamidone;
Carfentrazone-ethyl;128639-02-1;INSCRITE;carfentrazone-ethyl;
Oxathiapiprolin;1003318-67-9;INSCRITE;oxathiapiproline;
Pyraflufen-ethyl;129630-19-9;INSCRITE;pyraflufène-éthyle;
Isoproturon;34123-59-6;NON_INSCRITE;Isoproturon;
Lambda-Cyhalothrin;;INSCRITE;lambda-cyhalothrine;
Pymetrozine;123312-89-0;NON_INSCRITE;pymétrozine;
Picoxystrobin;117428-22-5;NON_INSCRITE;picoxystrobine;
Pepino Mosaic Virus, CH2 strain, isolate 1906;;INSCRITE;Pepino Mosaic Virus, CH2 strain, isolate 1906 | virus de la mosaïque du pépino, souche CH2, isolat 1906 ;
Propoxycarbazone;145026-81-9 (parent). 181274-15-7 (sodium salt);INSCRITE;Propoxycarbazone | propoxycarbazone sodium;
Propineb;12071-83-9 (monomer), 9016-72-2 (homopolymer);NON_INSCRITE;propinèbe;
Mandestrobin;;INSCRITE;mandestrobine;
2,4-DB;94-82-6 | 2039-46-5 (sel de DMA);INSCRITE;2,4-DB | 2,4-DB sel de sodium | 2,4-DB sel de triethanolamine | 2,4-DB sel d'amine;
Flumetralin;;INSCRITE;flumétraline;
Cyclaniliprole;;NON_INSCRITE;cyclaniliprole;
8-Hydroxyquinoline incl. oxyquinoleine;148-24-3;INSCRITE;8-Hydroxyquinoline (oxyquinoleine) | 8-hydroxy quinoleine | sulfate de 8-hydroxy quinoléine;
Cyhalofop-butyl;122008-85-9;INSCRITE;cyhalofop-butyl;
Tricyclazole;;NON_INSCRITE;tricyclazole;
Huile de colza esterifiee;;AUTRE_CAS;Huile de colza esterifiee;
Triasulfuron;82097-50-5;NON_INSCRITE;triasulfuron;
Alpha-Cypermethrin;;INSCRITE;alpha-cyperméthrine;
Pseudozyma flocculosa;;NON_INSCRITE;Pseudozyma flocculosa | Pseudozyma flocculosa souche ATCC 64874;
Quinoxyfen;124495-18-7;NON_INSCRITE;quinoxyfène;
Iprodione;36734-19-7;NON_INSCRITE;Iprodione;
Dimethenamid-P;163515-14-8;INSCRITE;diméthénamide-P | diméthénamide;
Fenamiphos;22224-92-6;NON_INSCRITE;phénamiphos;
Forchlorfenuron;68157-60-8;INSCRITE;forchlorfénuron;
3-isoxazolidinone;;NON_INSCRITE;F9600;
Chlorothalonil;1897-45-6;NON_INSCRITE;chlorothalonil;
Imazosulfuron;;NON_INSCRITE;imazosulfuron;
Chlorpropham;101-21-3;NON_INSCRITE;chlorprophame;
Zoxamide;156052-68-5;INSCRITE;zoxamide;
Silthiofam;175217-20-6;INSCRITE;Silthiofam;
Dimethoate;;NON_INSCRITE;diméthoate;
Linuron;330-55-2;NON_INSCRITE;linuron;
Metschnikowia fructicola souche NRRL Y-27328;;INSCRITE;Metschnikowia fructicola;
ABE-IT 56;;INSCRITE;ABE IT 56;
Pyridaben;96489-71-3;INSCRITE;pyridabène;
1-Tetradecanol;;INSCRITE;1-Tetradécanol;
Tefluthrin;79538-32-2;INSCRITE;téfluthrine;
Iodosulfuron;185119-76-0;INSCRITE;iodosulfuron-méthyl-sodium | Iodosulfuron;
Rape seed oil ethyl ester;;AUTRE_CAS;ester éthylique d'huile de colza;
Alcools gras, C9-11, éthoxylé propoxylé;103818-93-5;AUTRE_CAS;Alcools gras, C9-11, éthoxylé propoxylé;
Ethofumesate;26225-79-6;INSCRITE;éthofumesate;
Imazamox;114311-32-9;INSCRITE;imazamox;
Plant oils / Clove oil;8000-34-8 (US) & 84961-50-2 (EU) (clove oil) - 97-53-0 (Eugenol – main component);INSCRITE;essence de girofle | Plant oils / Clove oil | eugénol;
2,5-Dichlorobenzoic acid methylester;2905-69-3;INSCRITE;méthylester d'acide 2,5-Dichlorobenzoïque;
1-Naphthylacetamide;86-86-2;INSCRITE;1-Naphthylacétamide;
Limestone;;NON_INSCRITE;calcaire;
Sodium silver thiosulphate;;INSCRITE;thiosulphate d'argent;
Clomazone;;INSCRITE;clomazone;
Dimoxystrobin;;INSCRITE;dimoxystrobine;
Methomyl;16752-77-5;NON_INSCRITE;méthomyl;
Trimethylamine hydrochloride;;NON_INSCRITE;hydrochlorure de triméthylamine;
Indolylbutyric acid;133-32-4;INSCRITE;acide indolylbutyrique;
Paraffin oils;64742-46-7 | 72623-86-0 | 97862-82-3;INSCRITE;huile de paraffine/(CAS 64742-65-0) | huile de paraffine/(CAS 8042-47-5) | huile de paraffine/(CAS 64742-55-8) | huile de paraffine/(CAS 8012-95-1) | huile de paraffine/(CAS 64742-54-7) | huile de paraffine/(CAS 72623-86-0) | huile de paraffine (CAS n°64742-46-7) | huile de paraffine/(CAS 97862-82-3) | huile de paraffine/(CAS 64741-97-5) | huile de paraffine/(CAS 64741-89-5) | huile de paraffine | huile de paraffine (CAS n°64742-46-7, 72623-86-0, 97862-82-3, 8042-47-5) | huile de paraffine/(CAS 64741-88-4);
Disodium phosphonate;13708-85-5 (other registry numbers : 130184-07-5 . 16926-95-7);INSCRITE;HEC 5725 (100% isomère E) | phosphonate disodique;
ester méthylique d'acide gras;;AUTRE_CAS;ester méthylique d'acide gras;
Daminozide;1596-84-5;INSCRITE;daminozide;
MCPB;94-81-5;INSCRITE;MCPB sel sodique | MCPB;
Copolymère trisiloxane;27306-78-1;AUTRE_CAS;copolymère de trisiloxane;
Silicone resin;;AUTRE_CAS;Silicone resin;
Synthetic amorphous silica;;AUTRE_CAS;Synthetic amorphous silica;
Clonostachys rosea, souche J1446;;INSCRITE;Gliocladium catenulatum souche J1446 (coll. DSM 9212) | Gliocladium catenulatum strain J1446 | Gliocladium catenulatum souche J1446;
Quinoclamine;2797-51-5;NON_INSCRITE;quinoclamine;
Polydimethylsiloxane, ((2-octyldodecyl)oxy);;AUTRE_CAS;Polydimethylsiloxane, ((2-octyldodecyl)oxy);
Propiconazole;60207-90-1;NON_INSCRITE;propiconazole;
Isoxadifen-ethyl;;AUTRE_CAS;isoxadifène-éthyl;
Acetic acid;64-19-7;INSCRITE;acide acétique;
Whey;;INSCRITE;Whey;
Alkyl éther sulfate de sodium;68891-38-3;AUTRE_CAS;Alkyl éther sulfate de sodium;
Prochloraz;67747-09-5;INSCRITE;prochloraze | prochloraze manganèse | prochloraze isomere D | complexe prochloraze, chlorure de cuivre;
Beauveria bassiana IMI389521;;INSCRITE;Beauveria bassiana IMI389521;
Geraniol;106-24-1;INSCRITE;géraniol;
Metaflumizone;139968-49-3;INSCRITE;métaflumizone;
Plant oils / Citronella oil;;INSCRITE;huiles végétales/huile de citronnelle;
Pyridalyl;179101-81-6;INSCRITE;pyridalyl;
Quizalofop-P;;INSCRITE;quizalofop-P-éthyl | quizalofop-P-téfuryl | Quizalofop-P;
Chlorpyrifos-methyl;5598-13-0;NON_INSCRITE;chlorpyriphos-méthyl;
Meptyldinocap;6119-92-2;INSCRITE;méptyldinocap;
Denathonium benzoate;3734-33-6;INSCRITE;benzoate de dénatonium;
Pyroxsulam;422556-08-9;INSCRITE;pyroxsulam;
Sodium 5-nitroguaiacolate;67233-85-6;INSCRITE;Sodium 5-nitroguaiacolate;
Diuron;330-54-1;NON_INSCRITE;diuron;
Tetraconazole;112281-77-3;INSCRITE;tetraconazole;
Thymol;89-83-8;INSCRITE;thymol;
Tri-allate;2303-17-5;INSCRITE;triallate;
Calcium hydroxide;;INSCRITE;Calcium hydroxide;
Chromafenozide;;INSCRITE;chromafenozide;
Sulfosulfuron;141776-32-1;INSCRITE;sulfosulfuron;
Tebufenpyrad;;INSCRITE;tebufenpyrad;
Zeta-Cypermethrin;;INSCRITE;zêta-cyperméthrine;
Tolclofos-methyl;57018-04-9;INSCRITE;Tolclofos-methyl;
Glufosinate;;NON_INSCRITE;glufosinate | glufosinate ammonium;
Acrinathrin;101007-06-1;INSCRITE;acrinathrine;
Fluxapyroxad;;INSCRITE;fluxapyroxade;
Mancozeb;8018-01-7 (formerly 8065-67-5);INSCRITE;mancozèbe;
Mecoprop-P;;INSCRITE;mécoprop P ester isooctylique | mécoprop-P EHE | MCPP-P sel de magnésium | mécoprop-P | MCPP-P sel d'amine | mécoprop P sel de potassium | mécoprop-P  ester de butoxyéthanol | mécoprop-P sel d'amine | mécoprop-P sels de diméthylamine;
Maleic hydrazide;123-33-1;INSCRITE;hydrazide maléïque | hydrazide maléïque (sel de potassium);
Penoxsulam;219714-96-2;INSCRITE;pénoxsulame;
Captan;133-06-2;INSCRITE;captane;
esters méthyliques d'acides gras, C14-C18 et C16-C18 insaturés (CAS N°67762-26-9);;AUTRE_CAS;esters méthyliques d'acides gras, C14-C18 et C16-C18 insaturés (CAS N°67762-26-9);
Metconazole;125116-23-6 (unstated stereochemistry);INSCRITE;métconazole;
Flumioxazine;103361-09-7;INSCRITE;flumioxazine;
Fluoxastrobin;361377-29-9;INSCRITE;fluoxastrobine;
Cyproconazole;94361-06-5;INSCRITE;cyproconazole;
Stéarate de sucrose;84066-95-5;AUTRE_CAS;Stéarate de sucrose;
Flazasulfuron;104040-78-0;INSCRITE;flazasulfuron;
Metaldehyde;108-62-3 (tetramer) - 9002-91-9 (homopolymer);INSCRITE;métaldéhyde;
Tallowamine poly-(éthoxylée/propoxylée);68213-26-3;AUTRE_CAS;tallowamine poly-(éthoxylée/propoxylée);
Flupyradifurone;;INSCRITE;flupyradifurone;
Iprovalicarb;140923-17-7;INSCRITE;iprovalicarbe;
Pyriproxyfen;95737-68-1;INSCRITE;Pyriproxyfen;
Fenpropidin;67306-00-7;INSCRITE;fenpropidine;
Tritosulfuron;142469-14-5;INSCRITE;tritosulfuron;
Ammonium acetate;;NON_INSCRITE;acétate d'ammonium;
Tepraloxydim;149979-41-9;NON_INSCRITE;tépraloxydime;
Tralkoxydim;87820-88-0;NON_INSCRITE;tralkoxydime;
Prohexadione;127277-53-6;INSCRITE;prohexadione-calcium;
Pyridate;55512-33-9;INSCRITE;pyridate;
Fluometuron;2164-17-2;INSCRITE;fluométuron;
Ethylene;;INSCRITE;ethylène;
Penthiopyrad;;INSCRITE;penthiopyrade;
Florasulam;145701-23-1;INSCRITE;florasulame;
Spiroxamine;118134-30-8;INSCRITE;spiroxamine;
Terpenoid blend QRD-460;;INSCRITE;mélange de terpène (QRD 460);
Fenoxycarb;79127-80-3;INSCRITE;fénoxycarb;
Proquinazid;189278-12-4;INSCRITE;proquinazid;
Lecithins;;INSCRITE;lécithine;
Urtica spp.;;INSCRITE;Urtica spp.;
Sodium hydrogen carbonate;144-55-8;INSCRITE;Sodium hydrogen carbonate;
Cyflufenamid;180409-60-3;INSCRITE;cyflufénamide;
Quizalofop-P-tefuryl;119738-06-6;INSCRITE;Quizalofop-P-tefuryl;
Malathion;121-75-5;INSCRITE;malathion;
Heptamaloxyloglucan;870721-81-6;INSCRITE;heptamaloxyloglucane;
Penconazole;66246-88-6;INSCRITE;penconazole;
Cire de paraffine;8002-74-2;AUTRE_CAS;Cire de paraffine;
Bacillus firmus I-1582;;INSCRITE;Bacillus firmus I-1582 | Bacillus firmus souche I-1582;
Hydrogen peroxide;;INSCRITE;péroxyde d'hydrogène;
Adoxophyes orana GV strain BV-0001;;INSCRITE;virus de la granulose d'Adoxophyses orana souche BV-0001 | Adoxophyes orana GV strain BV-0001;
Beauveria bassiana strain NPP111B005;;INSCRITE;Beauveria bassiana souche NPP111B005;
Imidacloprid;;INSCRITE;imidaclopride;
Pyrethrins;8003-34-7;INSCRITE;cinérine | pyréthrines | pyréthrine 2 | Pyrethres naturels | jasmoline 1 | pyréthrines21-1 pyréthrine 2 | extrait B: pyréthrine 1 | extrait de pyrèthres végétales | jasmoline 2 | cinérine;
Pyriofenone;688046-61-9;INSCRITE;pyriofénone;
Carvone;;INSCRITE;carvone | carvone Melange d/l;
Metalaxyl;57837-19-1;INSCRITE;métalaxyl S | métalaxyl;
Picolinafen;137641-05-5;INSCRITE;picolinafène;
Sedaxane;874967-67-6;INSCRITE;sédaxane | sédaxane (isomère trans) |  sédaxane (isomère cis)  ;
Fusarium sp. Strain L13;;INSCRIPTION_EN_COURS;Fusarium sp. souche L13;
Pinoxaden;243973-20-8;INSCRITE;pinoxaden;
Gamma-cyhalothrin;76703-62-3;INSCRITE;gamma-cyhalothrine;
Acequinocyl;57960-19-7;INSCRITE;acéquinocyle;
Beauveria bassiana strain 147;;INSCRITE;Beauveria bassiana souche 147;
Cerevisane;;INSCRITE;cerevisane | Cerevisane;
Acetamiprid;135410-20-7 (pas celui du Review report) | 160430-64-8;INSCRITE;acétamipride;
Mesotrione;104206-82-8;INSCRITE;mésotrione;
Prosulfocarb;52888-80-9;INSCRITE;prosulfocarbe;
Isoxaben;82558-50-7;INSCRITE;isoxabène;
Mepiquat;24307-26-4 (mepiquat chloride) - 15302-91-7 (mepiquat);INSCRITE;chlorure de mépiquat | mépiquat;
Foramsulfuron;173159-57-4;INSCRITE;foramsulfuron;
Quinmerac;90717-03-6;INSCRITE;quinmérac;
Prothioconazole;;INSCRITE;prothioconazole;
Lufenuron;103055-07-8;NON_INSCRITE;lufénuron;
Teflubenzuron;83121-18-0;NON_INSCRITE;téflubenzuron;
Aminopyralid;150114-71-9;INSCRITE;aminopyralide sel de triisopropanolamine | aminopyralide | aminopyralide sel de potassium;
Clethodim;99129-21-2;INSCRITE;cléthodime;
Potassium phosphonates;13977-65-6 for potassium hydrogen phosphonate - 13492-26-7 for dipotassium phosphonate Mixture: none;INSCRITE;phosphonates de potassium | acide phosphoreux;
Inpyrfluxam;;AUTRE_CAS;Inpyrfluxam;
Clodinafop;105512-06-9;INSCRITE;clodinafop-propargyl;
Cycloxydim;101205-02-1;INSCRITE;cycloxydime;
Hymexazol;10004-44-1;INSCRITE;hymexazol;
Flonicamid;158062-67-0;INSCRITE;flonicamide;
Quizalofop-P-ethyl;;INSCRITE;quizalofop-P-éthyl;
Spirotetramat;203313-25-1;INSCRITE;spirotétramate;
Bacillus subtilis str. QST 713;;INSCRITE;Bacillus subtilis str. QST 713 | Bacillus subtilis souche QST 713 ;
Bacillus thuringiensis subsp. aizawai;;INSCRITE;Bacillus thuringiensis subsp. aizawai SOUCHE: GC-91 Collection de cultures: | Bacillus thuringiensis subsp. aizawai SOUCHE: ABTS-1857 Collection de cultu | Bacillus thuringiensis subsp. aizawai;
Bacillus thuringiensis subsp. israelensis;;INSCRITE;Bacillus thuringiensis subsp. israeliensis (sérotype H-14) souche : AM65-52 | Bacillus thuringiensis subsp. israelensis;
Bacillus thuringiensis subsp. kurstaki strain ABTS 351;;INSCRITE;Bacillus thuringiensis subsp. kurstaki souche ABTS 351;
Bacillus thuringiensis subsp. kurstaki strain EG 2348;;INSCRITE;Bacillus thuringiensis subsp. kurstaki souche EG 2348;
Bacillus thuringiensis subsp. kurstaki strain PB 54;;INSCRITE;Bacillus thuringiensis subsp. kurstaki souche PB 54;
Bacillus thuringiensis subsp. kurstaki strain SA 11;;INSCRITE;Bacillus thuringiensis subsp. kurstaki souche SA 11;
Bacillus thuringiensis subsp. kurstaki strain SA 12;;INSCRITE;Bacillus thuringiensis subsp. kurstaki souche SA 12;
Beauveria bassiana strain ATCC 74040;;INSCRITE;Beauveria bassiana souche ATCC 74040 | Beauveria bassiana strains ATCC 74040 and GHA;
Cyprodinil;;INSCRITE;cyprodinil;
Fenpyroximate;134098-61-6;INSCRITE;fenpyroximate;
Fosetyl;39148-24-8 (fosétyl-Al) | 15845-66-6 (fosetyl);INSCRITE;fosétyl | fosétyl d'aluminium;
Pythium oligandrum M1;;INSCRITE;Pythium oligandrum SOUCHES: M1 Collection de cultures no ATCC 38472 | Pythium oligandrum M1;
Spinosad;168316-95-8;INSCRITE;spinosyne A | spinosyne D | spinosad;
Streptomyces K61 (formerly S. griseoviridis);;INSCRITE;Streptomyces K61 (anciennement S. griseoviridis) SOUCHE: K61 Collection de | Streptomyces griseoviridis (K61) | Streptomyces K61 (formerly S. griseoviridis);
Pethoxamid;106700-29-2;INSCRITE;péthoxamide;
Flutolanil;66332-96-5;INSCRITE;flutolanil;
Diammonium phosphate;;INSCRITE;diammonium phosphate;
Sunflower oil;;INSCRITE;huile de plantes / huile de tournesol;
Clayed charcoal;;INSCRITE;Clayed charcoal;
Etofenprox;80844-07-1;INSCRITE;étofenprox;
Ferric phosphate;;INSCRITE;phosphate ferrique hydraté | phosphate ferrique dihydraté  | phosphate ferrique;
Napropamide;15299-99-7;INSCRITE;napropamide;
Isopyrazam;881685-58-1 -  (syn-isomer: 683777-13-1 / anti-isomer: 683777-14-2);INSCRITE;isopyrazam;
Paraffin oil/(CAS 8042-47-5);8042-47-5;INSCRITE;huile de paraffine;
Metam;;INSCRITE;métam | métam-potassium | métam-sodium;
Lavandulyl senecioate;;INSCRITE;Lavandulyl senecioate;
1,2,4-triazole;;AUTRE_CAS;1,2,4-triazole;
Bacillus pumilus F-33;;AUTRE_CAS;Bacillus pumilus F-33;
Burkholderia rinojensis souche A396 (suspension bact. non viable);;AUTRE_CAS;Burkholderia rinojensis souche A396 (suspension bact. non viable);
Cire d'abeille;;AUTRE_CAS;cire d'abeille;
Cyantraniliprole;736994-63-1;INSCRITE;cyantraniliprole;
Derives d'acides gras vegetaux;;AUTRE_CAS;Derives d'acides gras vegetaux;
Dimethyl disulfide;;AUTRE_CAS;diméthyldisulfure;
Metribuzin;21087-64-9;INSCRITE;métribuzine;
Fenoxaprop-P;;INSCRITE;fénoxaprop-P | fénoxaprop-P-éthyle;
Imazalil;3554-44-0;INSCRITE;imazalil;
Metamitron;41394-05-2;INSCRITE;métamitrone;
Bentazone;25057-89-0;INSCRITE;bentazone | bentazone-Na | bentazone-DEA;
Carboxin;5234-68-4;INSCRITE;carboxine;
Diquat (dibromide);85-00-7;NON_INSCRITE;diquat (dibromide) | diquat ion;
Fenpropimorph;67564-91-4;NON_INSCRITE;fenpropimorphe;
Maneb;12427-38-2;NON_INSCRITE;manèbe;
Bispyribac sodium;125401-92-5;INSCRITE;bispyribac sodium;
Terbuthylazine;5915-41-3;INSCRITE;terbuthylazine;
Chlormequat;999-81-5;INSCRITE;chlorméquat | chlorure de chlorméquat;
Trifloxystrobin;141517-21-7;INSCRITE;trifloxystrobine;
Metiram;9006-42-2;INSCRITE;métirame;
Epoxiconazole;133855-98-8;NON_INSCRITE;époxiconazole;
Bifenazate;149877-41-8;INSCRITE;bifénazate;
esters méthyliques d'acides gras, C16-C18 et C18 insaturés (CAS N°67762-38-3);67762-38-3;AUTRE_CAS;esters méthyliques d'acide gras, C16-C18 et C18 insaturés;
Gibberellic acid;77-06-5;INSCRITE;acide gibbérellique | acide gibbérellique-benzyladénine;
Heptamethyltrisiloxane modifie polyalkyleneoxide;;AUTRE_CAS;heptaméthyltrisiloxane modifié polyalkylenoxide (méthylé) (CAS N°27306-78-1) | heptaméthyltrisiloxane modifié polyalkylenoxide (hydroxylé) (CAS N°67674-67-3) | heptamethyltrisiloxane modifie polyalkyleneoxide;
Halauxifen-methyl;;INSCRITE;halauxifène-méthyl;
Dicamba;1918-00-9;INSCRITE;dicamba sel d'amine | dicamba acide | dicamba sel de sodium | dicamba | dicamba sel de sodium et de potassium | dicamba sel de diethanolamine | dicamba sel de potassium | dicamba sel de diméthylamine;
Fosthiazate;98886-44-3;INSCRITE;Fosthiazate;
Chlorotoluron;15545-48-9;INSCRITE;chlorotoluron;
Thiophanate-methyl;23564-05-8;INSCRITE;Thiophanate-methyl;
MCPA;94-74-6;INSCRITE;MCPA | MCPA sel de triéthanolamine | MCPA sels d'isopropylamine,de potassium et de sodium | MCPA ester amylique | MCPA ester de butylglycol | MCPA sels de diméthylamine de potassium et de soude | MCPA sel de potassium | MCPA sel d'amine | MCPA ester de 2-ethylhexyl | MCPA sels de sodium et de potassium | MCPA sel de sodium | MCPA sel de monoéthanolamine | MCPA 2-EHE | MCPA sel de diméthylamine | MCPA sels d'amine et de potassium | MCPA ester isooctylique | MCPA EHE | MCPA sels d'amines,de sodium et de potassium;
Amidosulfuron;120923-37-7;INSCRITE;amidosulfuron;
Clofentezine;74115-24-5;INSCRITE;clofentézine;
Diflubenzuron;35367-38-5;INSCRITE;diflubenzuron;
Bifenox;42576-02-3;INSCRITE;bifénox;
Fenugrec extract;N/A;INSCRITE;extrait de fénugrec;
Zinc phosphide;1314-84-7;INSCRITE;phosphure de zinc;
(3E, 13Z)-octadecadien-1-yl acetate;;INSCRITE;(3E, 13Z)-octadécadien-1-yl acétate;
(E)-5-Decenol;;INSCRITE;(E)-5-Décenol;
Bacillus thuringiensis subsp. tenebrionis;;NON_INSCRITE;Bacillus thuringiensis subsp. tenebrionis | Bacillus thuringiensis subsp. tenebrionis SOUCHE: NB 176 (TM 14 1) Collecti;
Pepper;;NON_INSCRITE;poivre;
Sodium hypochlorite;7681-52-9;NON_INSCRITE;hypochlorite sous forme de sel de sodium;
Kresoxim-methyl;143390-89-0;INSCRITE;krésoxime-méthyle;
1-Naphtylacetic acid;86-87-3;INSCRITE;acide 1-naphtylacétique;
Chloridazon;1698-60-8;NON_INSCRITE;chloridazone;
Fipronil;120068-37-3;NON_INSCRITE;Fipronil;
Putrescin (1,4-Diaminobutane);;NON_INSCRITE;putrescine (1,4-Diaminobutane);
Sea-algae extract;;NON_INSCRITE;extrait d'algue marine;
Oxadiazon;19666-30-9;NON_INSCRITE;oxadiazon;
Sodium aluminium silicate;;NON_INSCRITE;silicate de sodium aliminium;
Magnesium sulphate;;AUTRE_CAS;Sulfate de magnésium | sulfate de magnésium heptahydraté;
Triflusulfuron;126535-15-7;INSCRITE;Triflusulfuron;
Isofetamid;875915-78-9;INSCRITE;isofétamide;
Trichoderma asperellum (strain T34);;INSCRITE;Trichoderma asperellum (souche T34) | Trichoderma asperellum (strain T34);
Ipconazole;;INSCRITE;ipconazole;
Bupirimate;41483-43-6;INSCRITE;bupirimate;
1-Decanol;112-30-1;INSCRITE;1-décanol;
Sintofen;130561-48-7;INSCRITE;sintofène;
Fenazaquin;120928-09-8;INSCRITE;fénazaquine;
Diclofop;51338-27-3;INSCRITE;diclofop;
Hexythiazox;78587-05-0;INSCRITE;hexythiazox;
Benfluralin;1861-40-1;INSCRITE;benfluraline;
Fluopyram;;INSCRITE;fluopyram;
Valifenalate;;INSCRITE;valifénalate;
Dodine;;INSCRITE;dodine;
Orange oil;8028-48-6;INSCRITE;D-limonene | huile essentielle d'orange;
Cyromazine;66215-27-8;NON_INSCRITE;cyromazine;
Difenacoum;56073-07-5;NON_INSCRITE;difénacoum;
Fluroxypyr;69377-81-7 | 81406-37-3;INSCRITE;Fluroxypyr | fluroxypyr-meptyl;
Metalaxyl-M;70630-17-0;INSCRITE;métalaxyl-M;
Esfenvalerate;66230-04-4;INSCRITE;Esfenvalerate;
Cymoxanil;57966-95-7;INSCRITE;cymoxanil;
Mesosulfuron;208465-21-8  - 400852-66-6 (parent);INSCRITE;mésosulfuron | mésosulfuron-méthyl;
Cypermethrin;52315-07-8;INSCRITE;high-cis cyperméthrine | cyperméthrine 40/60 | cyperméthrine;
Aureobasidium pullulans (strains DSM 14940 and DSM 14941);;INSCRITE;Aureobasidium pullulans souche DSM 14940 | Aureobasidium pullulans (souche DSM 14940 et DSM 14941) | Aureobasidium pullulans souche DSM 14941;
Fructose;;INSCRITE;Fructose;
Vinegar;90132-02-8;INSCRITE;Vinegar;
Streptomyces lydicus WYEC 108;;INSCRITE;Streptomyces lydicus WYEC 108;
Zucchini Yellow Mosaik Virus, weak strain;;INSCRITE;Zucchini Yellow Mosaik Virus, weak strain | virus de la mosaique jaune de la courgette souche bénigne;
Calcium carbide;;INSCRITE;carbure de calcium;
Oxasulfuron;144651-06-9;NON_INSCRITE;oxasulfuron;
Bacillus pumilus QST 2808;;INSCRITE;Bacillus pumilus QST 2808;
Ethoprophos;13194-48-4;NON_INSCRITE;éthoprophos;
Salix spp. cortex;;INSCRITE;Salix spp. cortex;
Isaria fumosorosea Apopka strain 97;;INSCRITE;Paecilomyces fumosoroseus souche Apopka 97, PFR 97 | Paecilomyces fumosoroseus Apopka strain 97 | Isaria fumosorosea Apopka strain 97 | Isaria fumosorosea Apopka souche 97;
Chlorpyrifos;;NON_INSCRITE;chlorpyriphos-éthyl;
Candida oleophila strain O;;INSCRITE;Candida oleophila souche O | Candida oleophila strain O;
Benzoic acid;65-85-0;INSCRITE;acide benzoïque;
Metobromuron;3060-89-7;INSCRITE;métobromuron;
Spodoptera littoralis nucleopolyhedrovirus;;INSCRITE;virus de la polyhedrose nucleaire Spodoptera exigua | Spodoptera littoralis nucleopolyhedrovirus;
Trichoderma atroviride strain I-1237;;INSCRITE;Trichoderma atroviride strain I-1237 | Trichoderma atroviride souche I-1237;
Helicoverpa armigera nucleopolyhedrovirus;;INSCRITE;Helicoverpa armigera nucleopolyhedrovirus | nucleopolyhedrovirus de Helicoverpa armigera;
Bifenthrin;82657-04-3;NON_INSCRITE;bifenthrine;
Bixafen;581809-46-3;INSCRITE;bixafène;
Tembotrione;335104-84-2;INSCRITE;tembotrione;
huile de soja éthoxylée;61791-23-9;AUTRE_CAS;huile de soja éthoxylée;
Thiamethoxam;153719-23-4;INSCRITE;thiaméthoxame;
Beta-sitostérol;83-46-5;AUTRE_CAS;Beta-sitostérol;
Fluopicolide;239110-15-7;INSCRITE;fluopicolide;
Buprofezin;953030-84-7;INSCRITE;buprofézine;
Bromuconazole;116255-48-2;INSCRITE;bromuconazole;
Dazomet;533-74-4;INSCRITE;dazomet;
Lime sulphur (calcium polysulphid);;INSCRITE;sulfate de calcium (polysulfure de calcium);
Aluminium sulphate;10043-01-3;INSCRITE;sulfate d'aluminium;
Pencycuron;66063-05-6;INSCRITE;pencycuron;
Tebufenozide;112410-23-8;INSCRITE;tébufenozide;
Flutriafol;76674-21-0;INSCRITE;flutriafol;
6-Benzyladenine;;INSCRITE;6-benzyladénine;
Sulphur;7704-34-9;INSCRITE;soufre micronisé | soufre triture | soufre mouillable | soufre triture ventile | soufre;
Dimethachlor;50563-36-5;INSCRITE;diméthachlore;
Lenacil;2164-08-1;INSCRITE;lénacile;
Deltamethrin;;INSCRITE;deltaméthrine;
Dimethomorph;;INSCRITE;diméthomorphe;
Bensulfuron;;INSCRITE;bensulfuron-méthyl | bensulfuron forme acide | bensulfuron;
Mefentrifluconazole;;INSCRITE;méfentrifluconazole;
Monolaurate de sorbitane polyéthoxylé;9005-64-5;AUTRE_CAS;monolaurate de sorbitane polyéthoxylé;
Oxamyl;23135-22-0;INSCRITE;oxamyl;
Benthiavalicarb;;INSCRITE;benthiavalicarbe isopropyl | benthiavalicarbe;
Cyazofamid;120116-88-3;INSCRITE;cyazofamide;
S-Metolachlor;87392-12-9 (S-isomer) 178961-20-1 (R-isomer);INSCRITE;S-métolachlore : isomère R | S-métolachlore : isomère S | S-métolachlore;
Nicosulfuron;111991-09-4;INSCRITE;nicosulfuron;
Rescalure;;INSCRITE;Rescalure;
Repellents by smell of animal or plant origin/fish;;INSCRITE;répulsif olfactif d'origine animal ou végétal/huile de poisson | huile de poisson;
Verticillium albo-atrum (WCS850);;INSCRITE;Verticillium albo-atrum (WCS850);
Oligomères d'alpha-pinène et bêta-pinène (CAS N° 31393-98-3) ;31393-98-3;AUTRE_CAS;oligomères d'alpha-pinène et bêta-pinène;
Methyl nonyl ketone;;NON_INSCRITE;méthyl nonyl cétone;
Piperonyl butoxide;;AUTRE_CAS;pipéronyl butoxide;
Molinate;2212-67-1;NON_INSCRITE;Molinate;
Ioxynil;1689-83-4;NON_INSCRITE;ioxynil ester octanoïque | ioxynil phénol | ioxynil octanoate | ioxynil | ioxynil sel de sodium;
Metsulfuron-methyl;;INSCRITE;Metsulfuron | metsulfuron-méthyl;
Aclonifen;74070-46-5;INSCRITE;aclonifène;
Triadimenol;55219-65-3;NON_INSCRITE;Triadimenol;
Imazaquin;81335-37-7;NON_INSCRITE;imazaquine;
Repellents by smell/ tall oil crude;;NON_INSCRITE;répulsif olfactif d'origine animal ou végétal/huile de tall brute;
Repellents by smell/ tall oil pitch;;NON_INSCRITE;répulsif olfactif d'origine animal ou végétal/poix d'huile de tall;
Spodoptera exigua nuclear polyhedrosis virus;;NON_INSCRITE;Spodoptera exigua nuclear polyhedrosis virus;
Trichoderma polysporum strain IMI 206039;;NON_INSCRITE;Trichoderma polysporum strain IMI 206039 | Trichoderma polysporum (IMI 206039);
Z,Z,Z,Z-7,13,16,19-docosatetraen-1-yl isobutyrate;;NON_INSCRITE;z,Z,Z,Z-7,13,16,19-docosatetraen-1-yl isobutyrate;
Sodium chloride;;INSCRITE;chlorure de sodium;
Sulfuryl fluoride;2699-79-8;INSCRITE;fluorure de sulfuryl;
Plant oils / Spearmint oil;;INSCRITE;huile de menthe verte;
Mild pepino mosaic virus isolate VX1;;INSCRITE;virus de la mosaïque du pépino, isolat VX1 peu virulent;
Mild pepino mosaic virus isolate VC1;;INSCRITE;virus de la mosaïque du pépino, isolat VC1 peu virulent;
Sodium ortho-nitrophenolate;824-39-5;INSCRITE;ortho-nitrophénolate de sodium;
2-Phenylphenol (incl. sodium salt orthophenyl phen;90-43-7;INSCRITE;2-Phénylphénol (sel de sodium d'orthophényl phénol);
Fuberidazole;;NON_INSCRITE;Fuberidazole;
Clothianidin;210880-92-5;NON_INSCRITE;Clothianidin;
Haloxyfop-P;;INSCRITE;haloxyfop-R : ester methylique | haloxyfop-R;
Straight Chain Lepidopteran Pheromones;;INSCRITE;(Z, E)-7, 11-hexadécadien-1-yl acétate | Z-11-tétradécenyl acétate | (7Z, 11Z)-hexadécadien-1-yl acétate | (E)-2-méthyl-6-méthylène-2,7-octadien-1-ol(myrcenol) | (E,Z)-3,13-octadécadiényl acétate | E7,E/Z9-dodécadienylacétate + n-dodécanylacétate | (Z)-9-dodécen-1-yl acétate | (E/Z)-8-dodécen-1-yl acétate | (E)-8-dodécen-1-yl acétate | (E,Z,Z)-3,8,11-tétradécatrien-1-yl acétate + (E,Z)-3,8-tétradécadien-1-yl acétate | (E)-5-décen-1-ol | (Z)-8-dodécen-1-yl acétate + dodécyl acétate | (E,Z,Z)-3,8,11-tétradécatrien-1-yl acétate | Z-8-dodécénol | (E/Z)9-dodécenylacétate | (Z)-11-hexadécen-1-ol | (E/Z)-9-dodécenyl acétate + (E/Z)-9-dodécen-1-ol + (Z)-11-tétradecen-1-yl ace | (Z, E)-9, 12-tétradécadien-1-yl acétate | (8E, 10E) - 8, 10 - dodécadiene 1-yl acétate | (E)-5-décen-1-yl acétate | (E,Z)-7,9-dodécadien-1-yl acétate + (E,E)-7,9-dodécadien-1-yl acétate | Z-9-tétradécenyl acétate | (7E, 9E)-dodécadien 1-yl acétate | (E/Z)-8-dodécenyl acétate + (Z)-8-dodécenol | (9Z, 12E)-tétradécadien-1-yl acétate | (Z)-9-hexadécenal | n-tétradecylacétate (14Ac) | (Z,Z)-3,13-octadécadiényl acétate | Z9-dodécenylacétate | (E)-8-dodécenyl acétate | (E,Z)-7,9-dodécadien-1-yl acétate | (4Z-9Z)-7,9-dodécadien-1-ol | n-hexadécylacétate | 1-dodécanol | (Z,E)-7,11-hexadécadien-1-yl acétate | (Z)-9-tetradécen-1-yl acétate | (E)-2-méthyl-6-méthylène-3,7-octadien-2-ol(isomyrcenol) | (Z)-9-dodécen-1-yl acétate + dodécyl acétate | Z11-hexadécen-1-ol | (Z,Z)-7,11-hexadécadien-1-yl acétate | Z-11-hexadécen-1-yl acétate | (Z)-11-tétradécenyl acétate | (Z)-13-octadécenal | (Z)-11-hexadécenal + (Z)-11-hexadécen-1-yl acétate | (7Z, 11E)-hexadécadien-1-yl acétate | 8-dodécénylacétate | (Z)-13-hexadécen-11-yl acétate | (E/Z)-8-dodécen-1-yl acétate + (E)-8-dodécen-1-yl acétate + (Z)-8-dodécen-1 | (E,Z)-3,8-tétradécadien-1-yl acétate | (Z)-11-hexadécenal | (E,Z)-8,10-tétradécadienyl | (Z)-8-dodécen-1-ol | (Z)-7-tétradécenal | (4E-7Z)-4,7-tridécadien-1-yl-acétate | (E)-10-dodécenyl acétate | (Z)-8-dodécen-1-yl acétate | tétradécan-1-ol | (Z)-11-tetradécen-1-yl acétate | (E,E)-8,10-dodécadien-1-ol + n-tétradécylacétate | E-11-tétradécenyl acétate | (Z,Z)-7,11-hexadécadien-1-yl acétate + (Z,E)-7,11-hexadécadien-1-yl acétate | (E,E)-8,10-dodécadien-1-ol | Straight Chain Lepidopteran Pheromones | (Z)-9-hexadécenal + (Z)-11-hexadécenal + (Z)-13-octadécenal | (E)-5-décen-1-yl acétate + (E)-5-décen-1-ol | (E)-11-tétradécen-1-yl acétate | (E, Z)-2, 13-octadécadien-1-yl acétate.;
Tau-Fluvalinate;102851-06-9;INSCRITE;tau-fluvalinate;
polyalkylèneglycol;;AUTRE_CAS;polyalkylèneglycol;
Abamectin;71751-41-2 | 65195-55-3;INSCRITE;abamectine | abamectine B1a;
Beauveria bassiana strain GHA;;INSCRITE;Beauveria bassiana souche GHA;
Clopyralid;1702-17-6;INSCRITE;clopyralid sel de monoéthanolamine | clopyralid diméthylamine | clopyralid;
Dichlorprop-P;15165-67-0;INSCRITE;dichlorprop-P sel d'amine | dichlorprop-P | dichlorprop-P sel de sodium | dichlorprop-P sels de potassium | dichlorprop P sel de dimethylamine | dichlorprop P 2-EHE;
Lecanicillium muscarium strain Ve6;;INSCRITE;Lecanicillium muscarium souche Ve6 | Lecanicillium muscarium strain Ve6;
Mepanipyrim;110235-47-7;INSCRITE;mépanipyrime;
Metarhizium anisopliae var. anisopliae strain BIPESCO 5;;INSCRITE;Metarhizium anisopliae var. anisopliae strain BIPESCO 5 | Metarhizium anisopliae var. anisopliae souche BIPESCO 5;
Metarhizium anisopliae var. anisopliae strain F52;;INSCRITE;Metarhizium anisopliae var. anisopliae souche F52 | Metarhizium anisopliae var. anisopliae strain F52;
Metrafenone;220899-03-6;INSCRITE;métrafénone;
Phlebiopsis gigantea;;INSCRITE;Phlebiopsis gigantea | Phlebiopsis gigantea SOUCHE: VRA 1835 Collection de cultures: no ATCC 90304 | Phlebiopsis gigantea SOUCHE: FOC PG BU 3 Collection de cultures: no IMI 390 | Phlebiopsis gigantea SOUCHE: FOC PG B20/5 Collection de cultures: no IMI 39 | Phlebiopsis gigantea SOUCHE: FOC PG BU 4 Collection de cultures: no IMI 390 | Phlebiopsis gigantea SOUCHE: FOC PG 410.3 Collection de cultures: no IMI 39 | Phlebiopsis gigantea SOUCHE: FOC PG SH 1 Collection de cultures: no IMI 390 | Phlebiopsis gigantea SOUCHE: VRA 1986 Collection de cultures: no DSM 16203 | Phlebiopsis gigantea SOUCHE: FOC PG97/1062/116/1.1 Collection de cultures: | Phlebiopsis gigantea SOUCHE: FOC PG SP log 5 Collection de cultures: no IMI | Phlebiopsis gigantea SOUCHE: FOC PG SP log 6 Collection de cultures: no IMI | Phlebiopsis gigantea SOUCHE: FOC PG B22/SP1287/3.1 Collection de cultures: | Phlebiopsis gigantea SOUCHE: FOC PG B22/SP1190/3.2 Collection de cultures: | Phlebiopsis gigantea SOUCHE: VRA 1985 Collection de cultures: no DSM 16202 | Phlebiopsis gigantea SOUCHE: VRA 1984 Collection de cultures: no DSM 16201;
Pirimicarb;;INSCRITE;pirimicarbe;
Pseudomonas chlororaphis MA342;;INSCRITE;Pseudomonas chlororaphis MA342;
Trichoderma asperellum strains ICC012 T25 and TV1;;INSCRITE;Trichoderma asperellum strains ICC012 T25 and TV1 | Trichoderma asperellum T-25 | Trichoderma asperellum TV1 | Trichoderma asperellum ICCO12;
Trichoderma atroviride (formerly T. harzianum) strains IMI 206040;;INSCRITE;Trichoderma atroviride souche IMI-206040 | Trichoderma atroviride (formerly T. harzianum) strains IMI 206040;
Trichoderma atroviride (formerly T. harzianum) strains T11;;INSCRITE;Trichoderma atroviride (formerly T. harzianum) strains T11 | Trichoderma atroviride souche T11;
Trichoderma gamsii ICC080;;INSCRITE;Trichoderma gamsii ICC080 | Trichoderma gamsii (anciennement T. viride) SOUCHES: ICC080 Collection de cultures;
Trichoderma harzianum strains ITEM 908;;INSCRITE;Trichoderma harzianum strains ITEM 908 | Trichoderma harzianum souche ITEM 9082;
Trichoderma harzianum strains T-22;;INSCRITE;Trichoderma harzianum souche T-22 |  	Trichoderma harzianum strains T-22;
Triclopyr;055335-06-3;INSCRITE;triclopyr (ester de 2 butoxyéthyle=triclopyr-butolyl) | triclopyr (ester de 2 butoxyéthyle = triclopyr-butolyl) | Triclopyr ester de butyl glycol | triclopyr | triclopyr sel de triéthylamine | triclopyr butoxy éthyl ester;
Trinexapac;;INSCRITE;trinéxapac | trinéxapac-éthyl;
Triticonazole;131983-72-7;INSCRITE;triticonazole;
Ziram;137-30-4;INSCRITE;Ziram;
COS-OGA;;INSCRITE;COS-OGA;
Chlorantraniliprole;500008-45-7;INSCRITE;Chlorantraniliprole | chlorantraniliprole;
Thiabendazole;148-79-8;INSCRITE;thiabendazole;
Ester méthylique d'huile de colza (CAS N°73891-99-3);73891-99-3;AUTRE_CAS;Ester méthylique d'huile de colza (CAS N°73891-99-3);
Esters de colophane et de diéthylène glycol (CAS N°68153-38-8);68153-38-8;AUTRE_CAS;esters de colophane et de diéthylène glycol (CAS N°68153-38-8);
Metazachlor;67129-08-2;INSCRITE;métazachlore;
Spiromesifen;;INSCRITE;spiromésifène;
Pyraclostrobin;175013-18-0;INSCRITE;pyraclostrobine;
Thiencarbazone;;INSCRITE;thiencarbazone-méthyl | Thiencarbazone;
Laminarin;9008-22-4;INSCRITE;laminarine;
Indoxacarb;173584-44-6;INSCRITE;indoxacarbe (isomère R, actif) | indoxacarbe (isomère S, inactif) | indoxacarbe;
Saccharomyces cerevisiae LAS02;;INSCRITE;Saccharomyces cerevisiae souche LAS02;
Calcium phosphide;;INSCRITE;phosphure de calcium;
Magnesium phosphide;12057-74-8;INSCRITE;phosphure de magnésium;
Dodemorph;1593-77-7;INSCRITE;dodémorphe;
2,4-D;94-75-7 | 1928-43-4;INSCRITE;2,4-D sels de diméthylamine et de diéthanolamine | 2,4-D acetamide | 2,4-D sel d'amine | 2,4-D isopropylester | 2,4-D ester isooctylique | 2,4-D butylate | 2,4-D EHE | 2,4-D ester ethylique | 2,4-D sel de potassium | 2,4-D ester isobutylique | 2,4-D | 2,4-D sel de diméthylamine | 2,4-D ester de butyl glycol | 2,4-D esters | 2,4-D sels d'amines | 2,4-D ester amylique | 2,4-D sels de diméthylamine et de triméthylamine | 2,4-D sel d'éthanolamine | 2,4-D ester isopropylique | 2,4-D sel de triéthanolamine | 2,4-D ethylhexyl ester | 2,4-D sel de tri isopropanol amine | 2,4-D sel de diéthanolamine | 2,4-D ester butoxyéthanolique | 2,4-D sel de sodium;
Methyl ester of rapeseed oil;85586-25-0 | 67762-38-3;AUTRE_CAS;ester méthylique d'huile de colza;
Pendimethalin;40487-42-1;INSCRITE;pendiméthaline;
Benoxacor;98730-04-2;AUTRE_CAS;bénoxacore;
Paclobutrazol;76738-62-0;INSCRITE;paclobutrazol;
Azoxystrobin;131860-33-8;INSCRITE;azoxystrobine;
Acides gras, C14-22 et C14-22 insaturés, méthyl ester, sulfatés, sels de sodium (CAS N°84776-43-2);84776-43-2;AUTRE_CAS;acides gras, C14-22 et C14-22 insaturés, méthyl ester, sulfatés, sels de sodium (CAS N°84776-43-2);
Z-13-hexadecen-11-yn-1-yl acetate;;NON_INSCRITE;z-13-hexadecen-11-yn-1-yl acetate;
Fenhexamid;126833-17-8;INSCRITE;fenhexamide;
Fenpicoxamid;;INSCRITE;fenpicoxamide;
Copper compounds;1317-39-1;INSCRITE;hydroxyde de cuivre | carbonate de cuivre potassique | sulfate de cuivre tribasique | bouillie bordelaise | oxyde de cuivre | cuivre | oxychlorure de cuivre;
Beflubutamid;113614-08-7;INSCRITE;béflubutamide;
Ethephon;16672-87-0;INSCRITE;éthéphon;
Etoxazole;153233-91-1;INSCRITE;étoxazole;
Famoxadone;131807-57-3;INSCRITE;famoxadone;
Formetanate;23422-53-9;INSCRITE;Formetanate;
Milbemectin;51596-10-2 | 51596-11-3;INSCRITE;milbémectine M.A4 | milbémectine | milbémectine M.A3;
Paecilomyces lilacinus strain 251;;INSCRITE;Paecilomyces lilacinus souche 251 | Paecilomyces lilacinus (Thom) Samson 1974 souche 251 (AGAL: no 89/030550) | Paecilomyces lilacinus strain 251;
Phenmedipham;13684-63-4;INSCRITE;phenmédiphame;
Phosmet;732-11-6;INSCRITE;phosmet;
Pirimiphos-methyl;29232-93-7;INSCRITE;pyrimiphos-méthyl;
Propamocarb;;INSCRITE;propamocarbe HCl | propamocarbe;
Dihydromyrcenol;89-78-1;AUTRE_CAS;dihydromyrcénol;
Oxyfluorfen;42874-03-3;INSCRITE;oxyfluorfène;
Oléate d'éthyle;111-62-6;AUTRE_CAS;Oléate d'éthyle;
Sodium para-nitrophenolate;824-78-2;INSCRITE;para-nitrophénolate de sodium;
Propaquizafop;111479-05-1;INSCRITE;propaquizafop;
Glyphosate;1071-83-6;INSCRITE;glyphosate sel d'isopropylamine | glyphosate sel de potassium | glyphosate sel d'ammonium | glyphosate | glyphosate sel de diammonium | glyphosate sel monosodium | glyphosate sel de diméthylamine | glyphosate trimesium;
Paecilomyces fumosoroseus strain Fe9901;;INSCRITE;Paecilomyces fumosoroseus strain Fe9901 | Paecilomyces fumosoroseus souche Fe9901;
Fluazifop-P;83066-88-0;INSCRITE;fluazifop-p-butyl | Fluazifop-P;
Sulcotrione;99105-77-8;INSCRITE;sulcotrione;
Dithianon;3347-22-6;INSCRITE;dithianon;
Sesame oil;;AUTRE_CAS;huile de sésame;
Pyrimethanil;53112-28-0;INSCRITE;pyriméthanil;
Picloram;1918-02-1;INSCRITE;piclorame | piclorame sel de potassium | piclorame sels de dimethylamine et de potassium | piclorame sel d'amine | piclorame ester iso octylique | piclorame sel de tri isopropanolamine | piclorame sel d'isopropylamine;
Potassium hydrogen carbonate;298-14-6;INSCRITE;hydrogénocarbonate de potassium;
Tea tree extract;;INSCRITE;huile d'arbre à thé | extrait d'arbre à thé;
Aluminium silicate;1332-58-7;INSCRITE;kaolin dihydraté | argile kaolinique | kaolin | silicate d'aluminium;
Diflufenican;83164-33-4;INSCRITE;diflufénicanil;
Cydia pomonella Granulovirus (CpGV);;INSCRITE;Cydia pomonella granulovirus (CpGV-V22) | Cydia pomonella Granulovirus isolat R5 | Cydia pomonella granulosis virus;
Blood meal;90989-74-5;INSCRITE;farine de sang;
Calcium carbonate;;INSCRITE;carbonate de calcium;
Carbon dioxide;124-38-9;INSCRITE;dioxyde de carbone;
Fat destilation residues;;INSCRITE;résidus de distillation de graisses;
Rimsulfuron;122931-48-0;INSCRITE;rimsulfuron;
Garlic extract;8000-78-0, CAS no. used in the ECB database 8008-99-9;INSCRITE;extrait d'ail;
Gibberellins;77182-82-2;INSCRITE;gibbérelline A4 | gibbérelline A7 | gibbérellines A3 | gibbérellines GA4/GA7 | gibbérellines;
Hydrolysed proteins;;INSCRITE;hydrolysat de protéines de collagène | protéines hydrolysées | hydrolysat d'urée de mélasse de betterave;
Quartz sand;14808-60-7 (Quartz) | 7637-86-9 (Silicon dioxide);INSCRITE;sable de quartz;
Rape seed oil;8002-13-9;INSCRITE;huile de colza;
Repellents by smell of animal or plant origin/ fish oil;100085-40-3;INSCRITE;huile de poisson | Repellents by smell of animal or plant origin/ fish oil;
Tebuconazole;107534-96-3;INSCRITE;tébuconazole;
Urea;57-13-6;INSCRITE;Urea;
Bacillus amyloliquefaciens MBI 600;;INSCRITE;Bacillus amyloliquefaciens souche MBI600;
Bacillus amyloliquefaciens subsp. plantarum D747;;INSCRITE;Bacillus amyloliquefaciens ssp. plantarum strain D747 | Bacillus amyloliquefaciens ssp. plantarum souche D747 ;
1-methylcyclopropene;3100-04-7;INSCRITE;1-méthylcyclopropène;
Trichoderma atroviride strain SC1;;INSCRITE;Trichoderma atroviride SC1;
Spirodiclofen;148477-71-8;NON_INSCRITE;spirodiclofène;
Cloquintocet mexyl;99607-70-2;AUTRE_CAS;cloquintocet-mexyl;
Cyprosulfamide;221667-31-8;AUTRE_CAS;cyprosulfamide;
Thifensulfuron-methyl;79277-27-3;INSCRITE;thifensulfuron-méthyle;
Fatty acids;;INSCRITE;acide isobutyrique | acide caprylique | acide caprylique + acide caprique | acide laurique (sel de potassium) | acide oléique (sel de potassium) | acide pélargonique | acide décanoïque (sel de potassium) | ester méthylique d'acides gras | méthyl octanoate | acide caprylique (sel de potassium) | esters méthylique d'acide gras C8-C10 | acide heptanoïque | acide valérique | acide isovalérique | acide pelargonique (sel de potassium) | méthyl décanoate | acides gras C7 à C18 et C18 insaturé (sels de potassium) | acide oléïque | acide décanoïque | acide gras sous forme de sels d'amine | acide gras | acides gras C7-C20 sels de potassium;
Repellents by smell of animal or plant origin/sheep fat;;INSCRITE;répulsif olfactif d'origine animal ou végétal/gras de mouton;
Triflumizole;;NON_INSCRITE;triflumizole;
Mefenpyr;135590-91-9;AUTRE_CAS;méfenpyr;
Aluminium ammonium sulphate;;INSCRITE;sulfate d'aluminium-ammonium;
Aluminium phosphide;20859-73-8;INSCRITE;phosphure d'aluminium;
Iron sulphate;;INSCRITE;sulfate de fer (II), anhydre | sulfate de fer | fer sous forme de sulfate | sulfate de fer (II), monohydrate | sulfate de fer heptahydrate;
Kieselgur (Diatomaceous earth);61790-53-2;INSCRITE;kieselgur (terre à diatomées);
Boscalid;188425-85-6;INSCRITE;boscalide;
Folpet;133-07-3;INSCRITE;folpel;
Fludioxonil;;INSCRITE;fludioxonil;
Fluazinam;79622-59-6;INSCRITE;fluaziname;
Tribenuron;101200-48-0;INSCRITE;tribénuron-méthyl;
Flufenacet;142459-58-3;INSCRITE;flufénacet;
Azadirachtin;11141-17-6;INSCRITE;azadirachtine | azadirachtine A | azadirachtine (huile) | azadirachtine A et B;
Difenoconazole;119446-68-3;INSCRITE;difénoconazole;
Validamycin;;NON_INSCRITE;validamycin;
Goudron de pin;;AUTRE_CAS;goudron de pin;
Nicotine;54-11-5;NON_INSCRITE;nicotine;
Alcool ethylique;;AUTRE_CAS;Alcool ethylique;
Benfuresate;;NON_INSCRITE;benfurésate;
Dichlobenil;1194-65-6;NON_INSCRITE;dichlobénil;
Plant oils / Soybean oil, epoxylated;;NON_INSCRITE;huile de plantes / huile de soja époxylée;
Mecarbam;2595-54-2;NON_INSCRITE;mecarbame;
Potassium iodide;;NON_INSCRITE;iodure de potassium;
2,6,6-Trimethylbicyclo[3.1.1]hept-2-ene (alpha-Pin;;NON_INSCRITE;2,6,6-Triméthylbicyclo[3.1.1]hept-2-ene (alpha-Pinen);
Extract from Plant. Red oak, Prickly pear cactus,;;NON_INSCRITE;extrait de plante (chêne rouge, oponce, sumac parfumé);
Ethanedial;;NON_INSCRITE;éthanedial;
Sodium hydroxide;;NON_INSCRITE;hydroxide de sodium;
Repellents: Essential oils;;NON_INSCRITE;répulsif : huiles essentielles;
Silice hydratee;;AUTRE_CAS;Silice hydratee;
Hexaconazole;79983-71-4;NON_INSCRITE;hexaconazole;
Difenzoquat;43222-48-6;NON_INSCRITE;difenzoquat;
Fenothiocarb;;NON_INSCRITE;fénothiocarb;
Alkyltrimethylbenzyl ammonium chloride;;NON_INSCRITE;alkyltrimethylbenzyl ammonium chloride;
Benomyl;17804-35-2;NON_INSCRITE;bénomyl;
Fomesafen;72178-02-0;NON_INSCRITE;fomésafène;
Fenpiclonil;74738-17-3;NON_INSCRITE;fenpiclonil;
Dithiopyr;;NON_INSCRITE;dithiopyr;
Methazole;;NON_INSCRITE;méthazole;
Sodium diacetoneketogulonate;;NON_INSCRITE;diacétoneketogulonate de sodium;
Azinphos-methyl;86-50-0;NON_INSCRITE;azinphos-méthyl;
Bentaluron;;NON_INSCRITE;bentaluron;
Calcium phosphate;;NON_INSCRITE;phosphate de calcium;
Bone Oil;;NON_INSCRITE;huile d'os;
Thallium sulphate;;NON_INSCRITE;sulphate thallium;
Dialifos;10311-84-9;NON_INSCRITE;dialiphos;
Methylnaphthylacetic acid;;NON_INSCRITE;acide méthylnaphthylacetique;
Amino acids: mix;;NON_INSCRITE;acides aminés : mélange;
Tridiphane;;NON_INSCRITE;tridifane;
Fluoroglycofene;77501-90-7;NON_INSCRITE;fluoroglycofène;
Oxine-copper;;NON_INSCRITE;oxine-cuivre;
Fatty acids: potassium salt - tall oil fatty acid;;NON_INSCRITE;acides gras / acides gras d'huile de tall (sels de potassium);
Demeton-S-methyl;;NON_INSCRITE;déméton-S-méthyl | déméton-S-méthyl sulphone;
Alcools alcoxyles;;AUTRE_CAS;Alcools alcoxyles;
Cadusafos;95465-99-9;NON_INSCRITE;cadusafos;
Pyrifenox;88283-41-4;NON_INSCRITE;pyrifénox;
Chlordane;;NON_INSCRITE;chlordane;
Flurenol;;NON_INSCRITE;flurénol;
Hydrazide maleique (sels d'amine);;NON_INSCRITE;hydrazide maléïque (sels d'amine);
Cycloate;1134-23-2;NON_INSCRITE;cycloate;
Jasmonic acid;;NON_INSCRITE;acide jasmonique;
N-phenylphthalamic acid;;NON_INSCRITE;acide N-phénylphthalamique;
Esters de phosphate d'alcools gras polyoxyalkyles;;AUTRE_CAS;Esters de phosphate d'alcools gras polyoxyalkyles;
Dinoterb;;NON_INSCRITE;dinoterbe | dinoterbe  sel de monométhylamine | dinoterbe sel d'amine | dinoterbe sel de diéthanolamine | dinoterbe sel de diméthylamine | acétate de dinoterbe;
Methyl bromide;74-83-9;NON_INSCRITE;bromure de méthyl;
Glutaraldehyde;;NON_INSCRITE;glutaraldéhyde;
Demeton-S-methyl sulphone;;NON_INSCRITE;déméton-S-méthyl sulphone;
Ethidimuron;30043-49-3;NON_INSCRITE;éthidimuron;
Pyridafol;;NON_INSCRITE;pyridafol;
Karbutilate;4849-32-5;NON_INSCRITE;karbutilate;
Disulfoton;298-04-4;NON_INSCRITE;disulfoton;
Polysorbate 20;;AUTRE_CAS;Polysorbate 20;
Fenthiosulf;;NON_INSCRITE;fenthiosulf;
Methyl p-hydroxybenzoate;;NON_INSCRITE;p-hydroxybenzoate de méthyl;
Anilophos;;NON_INSCRITE;anilophos;
Formic acid;;NON_INSCRITE;acide formique;
Casein;;NON_INSCRITE;caséine;
Sodium tetraborate;;NON_INSCRITE;tétraborate de sodium;
Thiocyclam;;NON_INSCRITE;thiocyclame;
1,2-dichlorethane;;NON_INSCRITE;1,2-dichloréthane;
Amino acids: gamma aminobutyric acid;;NON_INSCRITE;acides aminés : acide gamma aminobutyrique;
Metsulfovax;21452-18-6;NON_INSCRITE;metsulfovax;
Sodium monochloroacetate;;NON_INSCRITE;monochloroacétate de sodium;
Tolylfluanid;731-27-1;NON_INSCRITE;tolylfluanide;
Anthracene oil;;NON_INSCRITE;huile d'anthracène;
Tar acids;;NON_INSCRITE;acide de goudron;
Noruron;;NON_INSCRITE;noruron;
2-Naphthyloxyacetamide;;NON_INSCRITE;2-Naphthyloxyacétamide;
Esters methyliques d'acides gras;;AUTRE_CAS;Esters methyliques d'acides gras;
Quinclorac;84087-01-4;NON_INSCRITE;quinclorac;
Cyanamide (H & Ca cyanamide);;NON_INSCRITE;cyanamide (H & Ca cyanamide) | cyanamide hydrogène | cyanamide calcique;
Diphenylamine;122-39-4;NON_INSCRITE;diphénylamine;
Crimidine;535-89-7 | 8011-63-0;NON_INSCRITE;crimidine;
Octyldecyldimethyl ammonium chloride;;NON_INSCRITE;chlorure de octyldécyldiméthylammonium;
Didecyldimethylammonium chloride;7173-51-5;NON_INSCRITE;chlorure de didécyldiméthylammonium;
Monalide;7287-36-7;NON_INSCRITE;monalide;
(E,Z)-7,9-Dodecadien-1-yl Acetate;;INSCRITE;(E,Z)-7,9-Dodecadien-1-yl Acétate;
Fenarimol;60168-88-9;NON_INSCRITE;fénarimol;
Fenaminosulf;;NON_INSCRITE;phénaminosulf;
Flumiclorac;;NON_INSCRITE;flumiclorac;
Azafenidin;;NON_INSCRITE;azafénidine;
Plant oils / Olive oil;;NON_INSCRITE;huile de plantes / huile d'olive;
Bromocyclen;;NON_INSCRITE;bromocyclène;
Etacelasil;;NON_INSCRITE;étacélasil;
Myclobutanil;88671-89-0;INSCRITE;myclobutanil;
Potassium silicate;;NON_INSCRITE;silicate de potassium;
Carbon monoxide;;NON_INSCRITE;monoxyde de carbone;
Barium nitrate;;NON_INSCRITE;nitrate de barium;
Chlorthiophos;;NON_INSCRITE;chlorthiophos;
Hexachlorophene;;NON_INSCRITE;hexachlorophène;
Chlorfenson;;NON_INSCRITE;chlorfenson;
Fentin acetate;900-95-8;NON_INSCRITE;fentine acétate;
Barium fluosilicate;;NON_INSCRITE;fluosilicate de barium;
Cyanides: calcium, hydrogen, sodium;;NON_INSCRITE;cyanures (de  calcium, d'hydrogen, de sodium);
p-Hydroxybenzoic acid;;NON_INSCRITE;acide p-Hydroxybenzoïque;
Cinidon-ethyl;142891-20-1;NON_INSCRITE;cinidon-éthyle;
Chlorates;;NON_INSCRITE;chlorates | chlorates (de soude, de magnésium, de potassium) | chlorate de sodium;
Vinclozolin;50471-44-8;NON_INSCRITE;vinclozoline;
Polymere d'amine gras;;AUTRE_CAS;Polymere d'amine gras;
Isolan;;NON_INSCRITE;isolan;
Hydroxyphenyl-salicylamide;;NON_INSCRITE;hydroxyphényl-salicylamide;
Maltodextrine;;INSCRITE;maltodextrine;
Dikegulac;;NON_INSCRITE;dikégulac;
Ferbam;14484-64-1;NON_INSCRITE;ferbame;
Metolachlor;51218-45-2;NON_INSCRITE;métolachlore;
Methylnaphthylacetamide;;NON_INSCRITE;methylnaphthylacétamide;
Sodium arsenite;7784-46-5;NON_INSCRITE;arsenite de sodium | arsenic de l'arsenite de sodium | arsenic du dimethylarsinate de sodium;
Citrus extract/grapefruit seed extract;;NON_INSCRITE;extrait de citrus/extrait de pépin de pamplemousse;
Composition complexe;;AUTRE_CAS;Composition complexe;
Isocarbamide;;NON_INSCRITE;isocarbamide;
Nabam;145-59-6;NON_INSCRITE;nabam;
Triflumuron;64628-44-0;INSCRITE;triflumuron;
Fluoroacetamide;;NON_INSCRITE;fluoroacétamide;
Bromadiolone;28772-56-7;INSCRITE;bromadiolone;
Chlorflurenol;2536-31-4;NON_INSCRITE;chlorflurénol;
Paraquat;4685-14-7;NON_INSCRITE;paraquat;
Tall oil crude;;NON_INSCRITE;poix d'huile de tall;
Oxadiargyl;39807-15-3;NON_INSCRITE;oxadiargyl;
Terbutryn;886-50-0;NON_INSCRITE;terbutryne;
Lactic acid;;NON_INSCRITE;acide lactique;
Phosphoric acid;;NON_INSCRITE;acide phosphorique;
Polymer of styrene and acrylamide;;NON_INSCRITE;polymère de styrène et d'acrylamide;
Tridemorph;81412-43-3;NON_INSCRITE;tridémorphe;
Bendiocarb;22781-23-3;NON_INSCRITE;bendiocarbe;
Pyraclofos;;NON_INSCRITE;pyraclofos;
Phosametine;;NON_INSCRITE;phosamétine;
Zucchini yellow mosaic virus;;NON_INSCRITE;Zucchini yellow mosaic virus | Zucchini yellow mosaic virus (ZYMV mild strain) | Zucchini Yellow Mosaik Virus, weak strain;
Promecarb;2631-37-0;NON_INSCRITE;promécarbe;
Prothiocarb;19622-19-6;NON_INSCRITE;prothiocarbe;
Fenitrothion;122-14-5;NON_INSCRITE;fénitrothion;
Azamethiphos;35575-96-3;NON_INSCRITE;azaméthiphos;
EPTC (ethyl dipropylthiocarbamate);759-94-4;NON_INSCRITE;EPTC (éthyl dipropylthiocarbamate);
Profenofos;41198-08-7;NON_INSCRITE;profénofos;
Furathiocarb;65907-30-4;NON_INSCRITE;furathiocarb;
Pentanochlor;;NON_INSCRITE;pentanochlore;
Resmethrin;;NON_INSCRITE;resméthrine;
Ethoxysulfuron;;NON_INSCRITE;éthoxysulfuron;
Dicofol;115-32-2;NON_INSCRITE;dicofol;
Endothal;;NON_INSCRITE;endothal;
Paraffine;;AUTRE_CAS;Paraffine;
Pentachlorophenol;;NON_INSCRITE;pentachlorophénol;
Bioresmethrin;28434-01-7;NON_INSCRITE;bioresméthrine;
Colophane;;AUTRE_CAS;Colophane;
2-Aminobutane;;NON_INSCRITE;2-Aminobutane;
Disodium octaborate tetrahydrate;;NON_INSCRITE;disodium octaborate tétrahydrate;
Carbon disulphide;;NON_INSCRITE;disulphure de carbone;
Diazinon;333-41-5;NON_INSCRITE;diazinon;
Plant oils / Ylang-Ylang oil;;NON_INSCRITE;huile de plantes / huile d'Ylang-Ylang;
Fenridazon;;NON_INSCRITE;fenridazon;
Boric acid;;NON_INSCRITE;acide borique;
Isocarbophos;;NON_INSCRITE;isocarbophos;
TCA;;NON_INSCRITE;TCA;
Profoxydim;139001-49-3;INSCRITE;profoxydime;
Diethofencarb;;INSCRITE;diéthofencarb;
Oxytetracycline;;NON_INSCRITE;oxytétracycline;
Fentin hydroxide;76-87-9;NON_INSCRITE;fentine hydroxide;
Naptalam;132-66-1;NON_INSCRITE;naptalame;
Diallate;2303-16-4;NON_INSCRITE;diallate;
cis-Zeatin;;NON_INSCRITE;cis-zéatine;
Polyoxyethylene amine;;AUTRE_CAS;Polyoxyethylene amine;
Beauveria brongniartii;;NON_INSCRITE;Beauveria brongniartii;
Cryolite;;NON_INSCRITE;cryolite;
Fluridone;59756-60-4;NON_INSCRITE;fluridone;
Cires de petrole;;AUTRE_CAS;Cires de petrole;
Trichloronate;327-98-0;NON_INSCRITE;trichloronate;
Tribufos (s,s,s-tributyl-phosphorotrithioate);;NON_INSCRITE;tribufos (s,s,s-tributyl-phosphorotrithioate);
Huile de resine;;AUTRE_CAS;Huile de resine;
Edifenphos;;NON_INSCRITE;édifenphos;
Propisochlor;135410-20-7;NON_INSCRITE;propisochlor;
Methoxychlor;;NON_INSCRITE;méthoxychlore;
Nonylphenol ethoxylate;;NON_INSCRITE;nonylphénol éthoxylé;
2-Methyl-6-methylene-2,7-octadien-4-ol (ipsdienol);;NON_INSCRITE;2-Méthyl-6-méthylène-2,7-octadien-4-ol (ipsdienol);
Dioxathion;78-34-2;NON_INSCRITE;dioxathion;
Vernolate;1929-77-7;NON_INSCRITE;vernolate;
Trichlorfon;52-68-6;NON_INSCRITE;trichlorfon;
Trimedlure;;NON_INSCRITE;trimedlure;
Flufenzin;;NON_INSCRITE;flufenzin;
Calcium oxide;;NON_INSCRITE;oxyde de calcium;
Petroleum oils;;NON_INSCRITE;huile de pétrole | huile de pétrole/(CAS 64742-55-8/64742-57-7) | huile de pétrole/(CAS 74 869-22-0)) | huile de pétrole/(CAS 92062-35-6);
Fatty acids / Valeric acid;;NON_INSCRITE;acides gras / acide valerique;
Indolylacetic acid;;NON_INSCRITE;acide indolylacétique;
Polyether polyol;;AUTRE_CAS;Polyether polyol;
Triadimefon;43121-43-3;NON_INSCRITE;triadiméfone;
Lime phosphate;;NON_INSCRITE;phosphate de chaux;
3-Methyl-3-buten-1-ol;;NON_INSCRITE;3-Méthyl-3-buten-1-ol;
Imazethapyr;81335-77-5;NON_INSCRITE;imazéthapyr;
Biphenyl;92-52-4;NON_INSCRITE;biphényle;
Lindane;58-89-9;NON_INSCRITE;gamma-HCH;
Plant oils / Garlic oil;;NON_INSCRITE;huile de plantes / huile d'ail;
Propanil;709-98-8;NON_INSCRITE;propanil;
2-Methyl-6-methylene-7-octen-4-ol (Ipsenol);;NON_INSCRITE;2-Méthyl-6-méthylène-7-octen-4-ol (Ipsenol);
Bromethalin;63333-35-7;NON_INSCRITE;brométhaline;
Isopropalin;;NON_INSCRITE;isopropalin;
Methacrifos;;NON_INSCRITE;méthacrifos;
Oryzalin;19044-88-3;INSCRITE;oryzalin;
p-Dichlorobenzene;;NON_INSCRITE;p-Dichlorobenzène;
Propetamphos;31218-83-4;NON_INSCRITE;propétamphos;
p-Cresyl acetate;;NON_INSCRITE;acétate de p-Crésyl;
Propolis;;NON_INSCRITE;propolis;
Coumatetralyl;5836-29-3;NON_INSCRITE;coumatétralyl;
Chlorimuron;;NON_INSCRITE;chlorimuron;
Dimethipin;55290-64-7;NON_INSCRITE;diméthipin;
Alcool isodecylique ethoxyle;;AUTRE_CAS;Alcool isodecylique ethoxyle;
Sethoxydim;74051-80-2;NON_INSCRITE;séthoxydime;
Benazolin;3813-05-6;NON_INSCRITE;bénazoline  | bénazoline  éthyl;
Acephate;30560-19-1;NON_INSCRITE;acéphate;
Fenthion;55-38-9;NON_INSCRITE;fenthion;
Citrus extract/grapefruit extract;;NON_INSCRITE;extrait de citrus/extrait de pamplemousse;
Cufraneb;;NON_INSCRITE;cufranèbe;
Alkyl phenol polyoxyethylene;;AUTRE_CAS;Alkyl phenol polyoxyethylene;
Coumachlor;81-82-3;NON_INSCRITE;coumachlore;
Thiazopyr;;NON_INSCRITE;thiazopyr;
Diphacinone;82-66-6;NON_INSCRITE;diphacinone;
Laminaria digitata;;AUTRE_CAS;Laminaria digitata;
Phoxim;14816-18-3;NON_INSCRITE;phoxime;
Azimsulfuron;120162-55-2;INSCRITE;azimsulfuron;
Lactofen;;NON_INSCRITE;lactofène;
Brodifacoum;56073-10-0;NON_INSCRITE;brodifacoum;
Aldrine;;NON_INSCRITE;aldrine;
Mustard powder;;NON_INSCRITE;moutarde en poudre;
1,3-Dichloropropene (cis);;NON_INSCRITE;1,3-Dichloropropène (cis);
Chloroxuron;1982-47-4;NON_INSCRITE;chloroxuron;
Cyanazine;21725-46-2;NON_INSCRITE;cyanazine;
Metosulam;;INSCRITE;métosulame;
Perchlordecone;;NON_INSCRITE;perchlordécone;
Huile de ricin;;AUTRE_CAS;Huile de ricin;
1,2-Dichloropropane;;NON_INSCRITE;1,2-Dichloropropane;
Mancopper;53988-93-5;NON_INSCRITE;mancopper;
Alanycarb;83130-01-2;NON_INSCRITE;alanycarbe;
Fosamine;25954-13-6;NON_INSCRITE;fosamine;
Chlorfenvinphos;470-90-6;NON_INSCRITE;chlorfenvinphos;
Glycerol;;AUTRE_CAS;glycérol;
Plant oils / Daphne oil;;NON_INSCRITE;huile de plantes / huile de daphnés;
Quintozene;82-68-8;NON_INSCRITE;quintozène;
Lauryl sulfate de sodium;;NON_INSCRITE;lauryl sulfate de sodium;
Sodium pentaborate;;NON_INSCRITE;pentaborate de sodium;
Onion extract;;NON_INSCRITE;extrait d'onion;
Mepronil;55814-41-0;NON_INSCRITE;mépronil;
Carbonate de sodium;;NON_INSCRITE;carbonate de sodium;
Carbophenothion;786-19-6;NON_INSCRITE;carbophénothion;
Fatty alcohols / Aliphatic alcohols;;NON_INSCRITE;alcools gras / Aliphatic alcohols;
Cycluron;2163-69-1;NON_INSCRITE;cycluron;
2,3,6-TBA;50-31-7;NON_INSCRITE;2,3,6-TBA | 2,3,6-TBA sel d'ammonium;
Perfluidone;;NON_INSCRITE;perfluidone;
Coumaphos;;NON_INSCRITE;coumaphos;
Camphéchlore;;NON_INSCRITE;camphéchlore;
Huile minerale paraffinique;;AUTRE_CAS;Huile minerale paraffinique;
Tecnazene;117-18-0;NON_INSCRITE;tecnazène;
Cartap;;NON_INSCRITE;cartap;
Fenson;;NON_INSCRITE;fenson;
Tar oils;;NON_INSCRITE;huile de goudron;
Tolylphtalam;;NON_INSCRITE;tolylphtalam;
Propargite;2312-35-8;NON_INSCRITE;propargite;
Prometryne;7287-19-6;NON_INSCRITE;prométryne;
Fluquinconazole;136426-54-5;INSCRITE;fluquinconazole;
Terbufos;13071-79-9;NON_INSCRITE;terbufos;
Paraffin oil/(CAS 64742-55-8);64742-55-8;NON_INSCRITE;huile de paraffine;
Orbencarb;;NON_INSCRITE;orbencarb;
Triethanolamine;;AUTRE_CAS;Triethanolamine;
Bensulide;;NON_INSCRITE;bensulide;
Chloral-semi-acetal;;NON_INSCRITE;chloral-semi-acétal;
EDTA and its salts;;NON_INSCRITE;EDTA (et ses sels);
Sodium dimethylarsinate;;NON_INSCRITE;diméthylarsinate de sodium;
Hydramethylnon;67485-29-4;NON_INSCRITE;hydraméthylnone;
Furfural;;NON_INSCRITE;furfural;
Sucrose;;INSCRITE;sucrose;
Potassium permanganate;;NON_INSCRITE;permanganate de potassium;
Amitraz;33089-61-1;NON_INSCRITE;amitraze;
Imazethabenz;;NON_INSCRITE;imazaméthabenz;
Pretilachlor;51218-49-6;NON_INSCRITE;prétilachlore;
Chlorfluazuron;;NON_INSCRITE;chlorfluazuron;
Flurprimidole;56425-91-3;NON_INSCRITE;flurprimidole;
Polymere acetate de vinyle - ester maleique;;AUTRE_CAS;Polymere acetate de vinyle - ester maleique;
Polymere complexe d'ethylene et de propylene;;AUTRE_CAS;Polymere complexe d'ethylene et de propylene;
Quinalphos;13593-03-8;NON_INSCRITE;quinalphos;
Chlorthiamid;1918-13-4;NON_INSCRITE;chlorthiamide;
Dienochlor;2227-17-0;NON_INSCRITE;diénochlore;
Emamectin;155569-91-8;INSCRITE;benzoate d'émamectine;
Ethirimol;;NON_INSCRITE;éthyrimol;
Nitrothal;10552-74-6;NON_INSCRITE;nitrothal;
Endosulfan;115-29-7;NON_INSCRITE;endosulfan;
Gentian violet;;NON_INSCRITE;gentiane violette;
Cyhalothrin;;NON_INSCRITE;cyhalothrine;
1,3,5-tri-(2-hydroxyethyl)-hexa-hydro-s-triazyne;;NON_INSCRITE;1,3,5-tri-(2-hydroxyéthyl)-hexa-hydro-s-triazyne;
Chlorbufam;1967-16-4;NON_INSCRITE;chlorbufame;
Quizalofop;76578-14-8 | 100646-51-3;NON_INSCRITE;quizalofop;
Fluorodifen;;NON_INSCRITE;fluorodifène;
imazapic;;NON_INSCRITE;imazapic;
Chinomethionat;2439-01-2;NON_INSCRITE;chinométhionate;
Ampropylofos;16606-64-7;NON_INSCRITE;ampropylofos | ampropylfos sel de potassium;
Cholecalciferol;67-97-0;NON_INSCRITE;cholecalciférol;
Imazamethabenz;81405-85-8;NON_INSCRITE;imazaméthabenz;
Flamprop-M;;NON_INSCRITE;flamprop-M;
Furconazole;;NON_INSCRITE;furconazole;
Bioallethrin;;NON_INSCRITE;bioalléthrine;
Methfuroxam;;NON_INSCRITE;méthfuroxame;
Ethoate-methyl;;NON_INSCRITE;éthoate-méthyle;
Ester de polyethylene glycol d'alkylphenol;;AUTRE_CAS;Ester de polyethylene glycol d'alkylphenol;
Benfuracarb;82560-54-1;NON_INSCRITE;benfuracarb;
Tributyltinoxyde;;NON_INSCRITE;tributyltinoxyde;
Dichlofluanid;1085-98-9;NON_INSCRITE;dichlofluanide;
Huiles blanches de petrole;;AUTRE_CAS;Huiles blanches de petrole;
Chlorhydrate of poly(iminino imido biguanidine);;NON_INSCRITE;chlorhydrate de polyguanidine (iminino imido biguanidine);
Lauryldimethylbenzylammonium bromide;;NON_INSCRITE;bromure de lauryldimethylbenzylammonium;
Cyfluthrin;68359-37-5;NON_INSCRITE;cyfluthrine;
Alkyldimethylethylbenzylammonium chloride;;NON_INSCRITE;chlorure d'alkyldimethylethylbenzylammonium;
Amisulbrom;348635-87-0;INSCRITE;amisulbrom;
Mandipropamid;374726-62-2;INSCRITE;mandipropamid;
Chitosan;;INSCRITE;chitosane;
Fenazaflor;;NON_INSCRITE;fénazaflor;
Chlorbromuron;;NON_INSCRITE;chlorobromuron;
Dimexano;1468-37-7;NON_INSCRITE;diméxano;
Ascorbic acid;;INSCRITE;acide ascorbique;
Barban;;NON_INSCRITE;barbane;
Bromacil;314-40-9;NON_INSCRITE;bromacil;
Flucycloxuron;;NON_INSCRITE;flucycloxuron;
Chloropicrin;76-06-2;NON_INSCRITE;chloropicrine;
Copolymere;;AUTRE_CAS;Copolymere;
Olein;;NON_INSCRITE;oléine;
Fenbutatin oxide;13356-08-6;NON_INSCRITE;fenbutatin-oxide;
Methabenzthiazuron;18691-97-9;NON_INSCRITE;méthabenzthiazuron;
Methidathion;950-37-8;NON_INSCRITE;méthidathion;
Methoprene;40596-69-8;NON_INSCRITE;méthoprène;
3,7,7-Trimethylbicyclo[4.1.0]hept-3-ene (3-Carene);;NON_INSCRITE;3,7,7-Trimethylbicyclo[4.1.0]hept-3-ene (3-Carene);
Diafenthiuron;;NON_INSCRITE;diafenthiuron;
Alkylpolyglucoside;;AUTRE_CAS;Alkylpolyglucoside;
3(3-Benzyloxycarbonyl-methyl)-2-benzothiazolinone;;NON_INSCRITE;3(3-Benzyloxycarbonyl-méthyl)-2-benzothiazolinone (Benzolinone);
Difenoxuron;;NON_INSCRITE;difénoxuron;
Cires microcristallines;;AUTRE_CAS;Cires microcristallines;
TEPP;;NON_INSCRITE;TEPP;
Huile d'Eucalyptus;;NON_INSCRITE;huile d'Eucalyptus;
Dicyclopentadiene;;NON_INSCRITE;dicyclopentadiène;
Imibenconazole;;NON_INSCRITE;imibenconazole;
Bacillus subtilis strain IBE 711;;NON_INSCRITE;Bacillus subtilis strain IBE 711;
Plant oils / Lemongrass oil;;NON_INSCRITE;huile de plantes / huile de citronnelle;
Ammonium hydroxyde;;NON_INSCRITE;hydroxyde d'ammonium;
Butylate;2008-41-5;NON_INSCRITE;butilate;
Dioxacarb;6988-21-2;NON_INSCRITE;dioxacarbe;
Propazine;;NON_INSCRITE;propazine;
essence de térébenthine;;AUTRE_CAS;essence de térébenthine;
Ethalfluralin;55283-68-6;NON_INSCRITE;éthalfluraline;
Etridiazole;2593-15-9;INSCRITE;etridiazole;
Fenoprop;93-72-1;NON_INSCRITE;fénoprop | quizalofop éthyl | fénoprop sel de potassium | fénoprop sels d'amine;
Secbumeton;26259-45-0;NON_INSCRITE;secbuméton;
Fenuron;;NON_INSCRITE;fénuron;
2-Methyl-3-buten-2-ol;;NON_INSCRITE;2-Méthyl-3-buten-2-ol;
Drazoxolon;;NON_INSCRITE;drazoxolon;
Parathion-methyl;298-00-0;NON_INSCRITE;parathion-méthyl;
2-Ethyl-1,6-dioxaspiro (4,4) nonan (chalcogran);;NON_INSCRITE;2-Ethyl-1,6-dioxaspiro (4,4) nonan (chalcogran);
2,4,5-T;93-76-5 | 41083-11-8;NON_INSCRITE;2,4,5-T | 2,4,5,T ester butoxyethanolique | 2,4,5-T ester amylique | 2,4,5-T ester butylique | 2,4,5-T ester de butyl glycol | 2,4,5-T ester d'octyl glycol | 2,4,5-T ester isobutylique | 2,4,5-T ester isooctylique | 2,4,5-T sel d'amine | 2,4,5-T sel de diethylamine | 2,4,5-T sel de dimethylamine | 2,4,5-T melange d'esters;
Difethialone;104653-34-1;NON_INSCRITE;diféthialone;
1,3-Dichloropropene;542-75-6;NON_INSCRITE;1,3-Dichloropropène | 1,3-Dichloropropène (cis);
Flocumafen;90035-08-9;NON_INSCRITE;flocoumafen;
Chloramben;;NON_INSCRITE;chlorambène;
Norflurazon;27314-13-2;NON_INSCRITE;norflurazone;
Monolinuron;1746-81-2;NON_INSCRITE;monolinuron;
Ethanol;;AUTRE_CAS;éthanol;
Halosulfuron methyl;;INSCRITE;halosulfuron-méthyl;
Liant cellulosique;;AUTRE_CAS;Liant cellulosique;
Pronumone;;NON_INSCRITE;pronumone;
Thiobencarb;28249-77-6;NON_INSCRITE;thiobencarbe;
Dimefox;115-26-4;NON_INSCRITE;diméfox;
Chloretazate;81052-29-1;NON_INSCRITE;chlorétazate;
Zineb;12122-67-7;NON_INSCRITE;zinèbe;
Simazine;122-34-9;NON_INSCRITE;simazine;
Bitumen;;NON_INSCRITE;bitumen;
Dimepiperate;;NON_INSCRITE;dimépipérate;
Phenthoate;;NON_INSCRITE;phenthoate;
Isazofos;42509-80-8;NON_INSCRITE;isazofos;
Extract from Menta piperita;;NON_INSCRITE;extrait de menthe poivrée (Menta piperita);
Triapenthenol;76608-49-6;NON_INSCRITE;triapenthénol;
Fenpyrazamine;;INSCRITE;fenpyrazamine;
Flusulfamide;;NON_INSCRITE;flusulfamide;
Furmecyclox;;NON_INSCRITE;furmécyclox;
Benzalkonium chloride;;NON_INSCRITE;chlorure de benzalkonium;
Asulam;3337-71-1;NON_INSCRITE;asulame | asulame sel sodique;
2-Methoxy-5-nitrofenol sodium salt;;NON_INSCRITE;2-Méthoxy-5-nitrofenol (sels de sodium);
Sodium o-benzyl-p-chlorphenoxide;;NON_INSCRITE;o-benzyl-p-chlorphenoxide de sodium;
Mouillant;;AUTRE_CAS;Mouillant;
Cyhexatin;13121-70-5;NON_INSCRITE;cyhéxatin;
Silafluofen;;NON_INSCRITE;silafluofène;
Fenpropathrin;64257-84-7;NON_INSCRITE;fenpropathrine;
Papaine;;NON_INSCRITE;papaïne;
Brandol (hydroxynonyl-2,6-dinitrobenzene);;NON_INSCRITE;brandol (hydroxynonyl-2,6-dinitrobenzène);
Nitenpyram;;NON_INSCRITE;nitenpyrame;
Nitrogen;;NON_INSCRITE;nitrogène;
Endrine;;NON_INSCRITE;endrine;
Benalaxyl-M;;INSCRITE;bénalaxyl-M;
Ethylhexanoate;;NON_INSCRITE;éthylhexanoate;
Flumequine;;NON_INSCRITE;fluméquine;
Methamidophos;10265-92-6;NON_INSCRITE;méthamidophos;
Fluazolate;;NON_INSCRITE;fluazolate;
Phosphamidon;13171-21-6;NON_INSCRITE;phosphamidon;
Fluacrypyrim;;NON_INSCRITE;fluacrypyrime;
Thiocyanate de sodium;;NON_INSCRITE;thiocyanate de sodium;
Thiofanox;39196-18-4;NON_INSCRITE;thiofanox;
colophane traitée au maléate;;AUTRE_CAS;colophane traitée au maléate;
Pyrazoxyfen;;NON_INSCRITE;pyrazoxyfène;
Azaconazole;60207-31-0;NON_INSCRITE;azaconazole;
4,6,6-Trimethyl-bicyclo[3.1.1]hept-3-en-ol,((S)-ci;;NON_INSCRITE;4,6,6-Triméthyl-bicyclo[3.1.1]hept-3-en-ol,((S)-cis-verbenol);
Tolfenpyrad;;NON_INSCRITE;tolfenpyrade;
Thionazin;;NON_INSCRITE;thionazine;
Cresol;;NON_INSCRITE;Cresol;
Oxadixyl;77732-09-3;NON_INSCRITE;oxadixyl;
Cire;;AUTRE_CAS;cire;
Fatty acids: potassium salt - caprylic acid         ;;NON_INSCRITE;acides gras /acide caprylique (sels de potassium);
Ammonium thiocyanate;1762-95-4;AUTRE_CAS;thiocyanate d'ammonium;
Trifenmorph;;NON_INSCRITE;trifenmorphe;
Pyranocumarin;;NON_INSCRITE;pyranocoumarin;
Omethoate;1113-02-6;NON_INSCRITE;ométhoate;
Heptenophos;23560-59-0;NON_INSCRITE;hepténophos;
Mamestra brassica nuclear polyhedrosis virus;;NON_INSCRITE;virus de la polyhédrose nucléaire de Mamestra brassica;
Carbaryl;63-25-2;NON_INSCRITE;carbaryl;
Fosthietan;;NON_INSCRITE;fosthiétan;
Naphtylacetic acid hydrazide;;NON_INSCRITE;hydrazide acdide naphtylacétique;
Alcohol denature;;AUTRE_CAS;Alcohol denature;
Penflufen;;INSCRITE;penflufen;
4-t-Pentylphenol;;NON_INSCRITE;4-t-Pentylphenol;
Poudre de corne;;AUTRE_CAS;Poudre de corne;
Binapacryl;;NON_INSCRITE;binapacryl;
Fenbuconazole;114369-43-6;INSCRITE;fenbuconazole;
Sodium-p-toluene-sulfonchloramid;;NON_INSCRITE;p-toluène-sulfonchloramide de sodium;
Permethrin;;NON_INSCRITE;perméthrine;
Cresylic acid;;NON_INSCRITE;acide crésylique;
Isoxathion;;NON_INSCRITE;isoxathion;
Suif;;AUTRE_CAS;Suif;
Oxyde d'ethylene;;NON_INSCRITE;oxyde d'ethylene;
Propyl-3-t-butylphenoxyacetate;;NON_INSCRITE;propyl-3-t-butylphénoxyacétate;
Methoprothryne;841-06-5;NON_INSCRITE;méthoprothryne;
Triforine;26644-46-2;NON_INSCRITE;triforine;
Isoprocarbe;;NON_INSCRITE;isoprocarbe;
Plant oils / Maize oil;;NON_INSCRITE;huile de plantes / huile de maïs;
Iminoctadine;;NON_INSCRITE;iminoctadine;
Flusilazole;85509-19-9;NON_INSCRITE;flusilazole;
(Z)-9-tricosene;;NON_INSCRITE;(Z)-9-tricosene;
1-Methoxy-4-propenylbenzene (Anethole);104-46-1;NON_INSCRITE;1-Methoxy-4-propenylbenzene (Anethole);
Potassium sorbate;;NON_INSCRITE;sorbate de potassium;
Cinosulfuron;94593-91-6;NON_INSCRITE;cinosulfuron;
Latex synthetique;;AUTRE_CAS;Latex synthetique;
Phosphane;;INSCRITE;phosphine (hydrure de phosphore);
Bitertanol;55179-31-2;NON_INSCRITE;bitertanol;
E-9-Dodecen-1-yl acetate;;NON_INSCRITE;e-9-Dodecen-1-yl acétate;
Fenfuram;24691-80-3;NON_INSCRITE;fenfurame;
Naphtalene;;NON_INSCRITE;naphtalène;
Baculovirus GV;;NON_INSCRITE;Baculovirus GV;
Rock powder;;NON_INSCRITE;poudre de roche;
Gelatine;;NON_INSCRITE;gélatine;
Chinin hydrochlorid;;NON_INSCRITE;quinine hydrochlorure;
Huile blanche parafinique;;AUTRE_CAS;Huile blanche parafinique;
Corn steep liquor;;NON_INSCRITE;soluble de maïs;
Thiometon;640-15-3;NON_INSCRITE;thiométon;
Nitralin;4726-14-1;NON_INSCRITE;nitralin;
Chloropropylate;;NON_INSCRITE;chloropropylate;
Chlorobenzilate;;NON_INSCRITE;chlorobenzilate;
Sulfotep;3689-24-5;NON_INSCRITE;sulfotep;
Cyclanilide;;NON_INSCRITE;cyclanilide;
Isoval;;NON_INSCRITE;isoval;
Dicloran;;NON_INSCRITE;dicloran;
Warfarin;81-81-2;NON_INSCRITE;warfarine;
Alkyl polysaccharides;;AUTRE_CAS;Alkyl polysaccharides;
Quassia;;NON_INSCRITE;quassia;
Sodium dimethyldithiocarbamate;;NON_INSCRITE;diméthyldithiocarbamate de sodium;
Chlomethoxyfen;32861-85-1;NON_INSCRITE;chlométhoxyfène;
Huile de riccin ethoxylee;;AUTRE_CAS;Huile de riccin ethoxylee;
Propionate de sodium;;NON_INSCRITE;propionate de sodium;
Bensultap;17606-31-4;NON_INSCRITE;bensultap;
Diclobutrazol;75736-33-3;NON_INSCRITE;diclobutrazol;
Ametoctradin;;INSCRITE;amétoctradine;
Ethion;;NON_INSCRITE;éthion;
Biohumus;;NON_INSCRITE;biohumus;
Methylisothiocyanate;;NON_INSCRITE;methylisothiocyanate;
Azinphos ethyl;2642-71-9;NON_INSCRITE;azinphos éthyl;
TCMTB;;NON_INSCRITE;TCMTB;
Propachlor;1918-16-7;NON_INSCRITE;propachlore;
Atrazine;1912-24-9;NON_INSCRITE;atrazine;
Chlorphonium chloride;;NON_INSCRITE;chlorure de chlorfonium;
Oxycarboxin;5259-88-1;NON_INSCRITE;oxycarboxine;
Kasugamycin;;NON_INSCRITE;kasugamycine;
Fenvalerate;51630-58-1;NON_INSCRITE;fenvalérate;
2-Propanol;;NON_INSCRITE;2-Propanol;
Bromofenoxim;13181-17-4;NON_INSCRITE;bromophénoxime;
Dalapon;127-20-8;NON_INSCRITE;dalapon;
Mefluidide;53780-34-0;NON_INSCRITE;méfluidide | méfluidide sel de diéthanolamine;
HBTA (high boiling tar acid);;NON_INSCRITE;HBTA (acide de goudron extrait à haute température);
DDT;;NON_INSCRITE;dichlorodiphényltrichloroéthane (DDT);
Fenobucarbe;;NON_INSCRITE;fénobucarbe;
Alcool polyvinylique;;AUTRE_CAS;Alcool polyvinylique;
Prothiofos;;NON_INSCRITE;prothiofos;
Azocyclotin;;NON_INSCRITE;azocyclotine;
Seconal;;NON_INSCRITE;seconal;
Metoxuron;19937-59-8;NON_INSCRITE;métoxuron;
Aldimorph;;NON_INSCRITE;aldimorphe;
Triazamate;112143-82-5;NON_INSCRITE;triazamate;
Iodofenphos;18181-70-9;NON_INSCRITE;iodofenphos;
Calcium chloride;;NON_INSCRITE;chlorure de calcium;
Benzoylprop;22212-55-1;NON_INSCRITE;benzoylprop;
Ethyloleathe;;AUTRE_CAS;Ethyloleathe;
Thiazafluron;25366-23-8;NON_INSCRITE;thiazafluron;
Resines;;NON_INSCRITE;résines;
colorant bleu brillant (acid blue 9);;AUTRE_CAS;colorant bleu brillant (acid blue 9);
Haloxyfop;69806-34-4 | 72619-32-0;NON_INSCRITE;haloxyfop;
Eugenol;;INSCRITE;eugénol;
Carpropamid;;NON_INSCRITE;carpropamide;
Neburon;555-37-3;NON_INSCRITE;néburon;
Nonylphenol ether polyoxyethyleneglycol;;NON_INSCRITE;nonylphénol ether polyoxyéthylèneglycol;
Carbetamide;16118-49-3;INSCRITE;carbétamide;
Mecoprop;7085-19-0;NON_INSCRITE;mécoprop | mécoprop ester de butoxyéthanol | mécoprop ester de butylglycol | mécoprop ester iso octylique | mécoprop sel d'amine | mécoprop sel de diéthanolamine | mécoprop sel de diméthylamine | mécoprop sel de magnésium | mécoprop sel de monoéthanolamine | mécoprop sel de potassium | mécoprop sel de sodium | mécoprop sels de sodium et de potassium;
trichoderma asperellum strain T34;;INSCRITE;trichoderma asperellum souche T34;
7,8-Epoxi-2-methyl-octadecane;;NON_INSCRITE;7,8-Epoxi-2-méthyl-octadecane;
Repellents: Fatty acids, fish oil;;NON_INSCRITE;répulsif : acides gras, huiles essentielles;
Methyl-trans-6-nonenoate;;NON_INSCRITE;méthyl-trans-6-nonenoate;
Phosphate d'ammonium;;AUTRE_CAS;Phosphate d'ammonium;
Siduron;1982-49-6;NON_INSCRITE;siduron;
Monocarbamide-dihydrogensulphate;;NON_INSCRITE;monocarbamide-dihydrogensulphate;
Trans-6-Nonen-1-ol;;NON_INSCRITE;trans-6-Nonen-1-ol;
Iprobenfos;;NON_INSCRITE;iprobenfos;
Cresyl;;NON_INSCRITE;Cresyl;
Propionic acid;;NON_INSCRITE;acide propionique;
Carbosulfan;55285-14-8;NON_INSCRITE;carbosulfan;
Huile vegetale;;AUTRE_CAS;Huile vegetale;
Bronopol;;NON_INSCRITE;bronopol;
Methylenebisthiocyanate;;NON_INSCRITE;bisthiocyanate de méthylène;
Clofencet;82697-71-0;NON_INSCRITE;clofencet;
Novaluron;;NON_INSCRITE;novaluron;
Alcools terpeniques;;AUTRE_CAS;alcools terpéniques;
Allyl alcohol;;NON_INSCRITE;alcool allylique;
Acifluorfen;62476-59-9;NON_INSCRITE;acifluorfène;
Tetrachlorvinphos;22248-79-9;NON_INSCRITE;tétrachlorvinphos;
Dicrotophos;;NON_INSCRITE;dicrotophos;
Tralomethrin;66841-25-6;NON_INSCRITE;tralométhrine;
Ethiofencarb;29973-13-5;NON_INSCRITE;éthiophencarbe;
Dinitramine;;NON_INSCRITE;dinitramine;
Neodiprion sertifer nuclear polyhedrosis virus;;NON_INSCRITE;virus de la polyhédrose nucléaire de Neodiprion sertifier;
4-Chloro-3-methylphenol;;NON_INSCRITE;4-Chloro-3-méthylphenol;
Flurochloridone;61213-25-0;INSCRITE;flurochloridone;
Ancymidol;12771-68-5;NON_INSCRITE;ancymidole;
Calciferol;50-14-6;NON_INSCRITE;calciférol;
7-Methyl-3-methylene-7-  -octene-1-yl-propionate;;NON_INSCRITE;7-Méthyl-3-methylène-7-octene-1-yl-propionate;
Oxydemeton-methyl;301-12-2;NON_INSCRITE;oxydéméton-méthyl;
Barium polysulphide;;NON_INSCRITE;polysulfure de barium;
Allethrin;;NON_INSCRITE;alléthrine;
Terbumeton;33693-04-8;NON_INSCRITE;terbumeton;
Gamma-HCH;;NON_INSCRITE;gamma-HCH;
Imazapyr;81334-34-1;NON_INSCRITE;imazapyr;
Dichlorprop;120-36-5;NON_INSCRITE;dichlorprop | 2,4 DP sel d'amine | dichlorprop sel de potassium | dichlorprop sel de dimethylamine | dichlorprop sel diethanolamine | dichlorprop ester de butylglycol | dichlorprop esters isooctyliques | dichlorprop sel d'amine | dichlorprop sel de diethanolamine | dichlorprop sel de sodium | dichlorprop sel de triethanolamine;
2,6,6-Trimethylbicyclo(3.1.1)hept-2-en-4-ol;;NON_INSCRITE;2,6,6-Triméthylbicyclo(3.1.1)hept-2-en-4-ol;
Sodium p-t-amylphenate;;NON_INSCRITE;p-t-amylphénate de sodium;
Serricornin;;NON_INSCRITE;serricornin;
Octhilinone;;NON_INSCRITE;octhilinone;
Plant oils / Coconut oil;;NON_INSCRITE;huile de plantes / huile de noix de coco;
Dinocap;39300-45-3;NON_INSCRITE;dinocap;
Thiodicarb;59669-26-0;NON_INSCRITE;thiodicarb;
Asphalts;;NON_INSCRITE;asphalte;
Plant oils / Gaiac Wood oil;;NON_INSCRITE;huile de plantes / huile de bois de gaïac;
Diethatyl (-ethyl);;NON_INSCRITE;diéthatyl-ethyl;
Chlorophacinone;3691-35-8;NON_INSCRITE;chlorophacinone;
Etrimfos;38260-54-7;NON_INSCRITE;étrimfos;
Mevinphos;7786-34-7;NON_INSCRITE;mévinphos;
Plant oils / Soya oil;;NON_INSCRITE;huile de plantes / huile de soja;
Lecithine de soja;;AUTRE_CAS;Lecithine de soja;
Triazoxide;72459-58-6;INSCRITE;triazoxide;
Phorate;298-02-2;NON_INSCRITE;phorate;
Sodium dioctyl sulfosuccinate;;NON_INSCRITE;dioctyl sulfosuccinate de sodium;
Diniconazole;76714-88-0;NON_INSCRITE;diniconazole;
Sebacic acid;;NON_INSCRITE;acide sébacique;
Chlorthal-dimethyl;1861-32-1;NON_INSCRITE;chlorthal-dimethyl;
Dichlone;117-80-6;NON_INSCRITE;dichlone;
Merphos;;NON_INSCRITE;merphos;
Dinoseb;88-85-7 | 1420-07-1;NON_INSCRITE;dinosèbe | dinosèbe ester acétique | dinosèbe phénol libre | dinosèbe sel d'amine | dinosèbe sel d'ammonium | dinosèbe sel de triethanolamine | dinosèbe sel d'éthanolamine | dinosèbe acide;
Alkyltrimethyl ammonium chloride;;NON_INSCRITE;chlorure d'alkyltrimethyl ammonium;
Methanol;;AUTRE_CAS;Methanol;
Cumylphenol;;NON_INSCRITE;cumylphenol;
Huile de pin;;AUTRE_CAS;Huile de pin;
Flupoxam;119126-15-7;NON_INSCRITE;flupoxame;
Phosalone;2310-17-0;NON_INSCRITE;phosalone;
Pherodim;;NON_INSCRITE;pherodim;
Flubendiamide;;INSCRITE;flubendiamide;
Nerolidol;;NON_INSCRITE;nerolidol;
Naled;300-76-5;NON_INSCRITE;naled;
Captafol;;NON_INSCRITE;captafol;
Aziprotryne;;NON_INSCRITE;aziprotryne;
Pyrazophos;13457-18-6;NON_INSCRITE;pyrazophos;
Flucarbazone-sodium;;NON_INSCRITE;flucarbazone-sodium;
Cyprofuram;;NON_INSCRITE;cyprofuram;
Monuron;;NON_INSCRITE;monuron;
Isofenphos;25311-71-1;NON_INSCRITE;isophenphos;
Dinotefuran;;NON_INSCRITE;dinotéfurane;
Terbacil;5902-51-2;NON_INSCRITE;terbacil;
p-Chloronitrobenzene;;NON_INSCRITE;p-Chloronitrobenzène;
Procymidone;32809-16-8;NON_INSCRITE;procymidone;
Chloral-bis-acylal;;NON_INSCRITE;chloral-bis-acylal;
Trifluralin;1582-09-8;NON_INSCRITE;trifluraline;
Benodanil;15310-01-7;NON_INSCRITE;bénodanil;
Streptomycin;;NON_INSCRITE;streptomycine;
Acetochlor;34256-82-1;NON_INSCRITE;acétochlore;
Soybean extract;;NON_INSCRITE;extrait de soja;
Dodecanol;;INSCRITE;dodécanol;
2-Methoxypropan-2-ol;;NON_INSCRITE;2-Méthoxypropan-2-ol;
Dimefuron;34205-21-5;NON_INSCRITE;diméfuron;
2-Hydroxyethyl butyl sulfide;;NON_INSCRITE;2-Hydroxyéthyl butyl sulfure;
Pebulate;;NON_INSCRITE;pébulate;
Thiourea;;NON_INSCRITE;thiourée;
Tiocarbazil;;NON_INSCRITE;tiocarbazil;
Plant oils / Citronellol;;NON_INSCRITE;huile de plantes / Citronellol;
Kinoprene;;NON_INSCRITE;kinoprène;
Tricalcium phosphate;;NON_INSCRITE;phosphate tricalcique;
Aluminosilicate de potassium;;AUTRE_CAS;Aluminosilicate de potassium;
Nuarimol;63284-71-9;NON_INSCRITE;nuarimol;
Silver nitrate;;NON_INSCRITE;nitrate d'argent;
Polymere acrylique;;AUTRE_CAS;Polymere acrylique;
Chlordecone;;NON_INSCRITE;chlordécone;
1,1-dichloro-2,2-bis (4-éthyl-phényl)-éthane;;NON_INSCRITE;1,1-dichloro-2,2-bis (4-éthyl-phényl)-éthane;
Lanolin;;NON_INSCRITE;lanoline;
Ammonium carbonate;;NON_INSCRITE;carbonate d'ammonium;
Fenchlorphos;;NON_INSCRITE;fenchlorphos;
Extract from Equisetum;;INSCRITE;extrait de prêle (equisetum);
Diphenamid;;NON_INSCRITE;difénamide;
Alkyl phenol oxyethylene;;AUTRE_CAS;Alkyl phenol oxyethylene;
Tetramethrin;;NON_INSCRITE;tétraméthrine;
2-(dithiocyanomethylthio)-benzothiazol;;NON_INSCRITE;2-(dithiocyanométhylthio)-benzothiazol;
Di-1-p menthene;;NON_INSCRITE;di-1-p menthene;
Quarternary ammonium compounds;;NON_INSCRITE;composé ammonium quaternaire;
Flufenoxuron;101463-69-8;NON_INSCRITE;flufénoxuron;
Vamidothion;2275-23-2;NON_INSCRITE;vamidothion;
Sodium p-t-amylphenoxide;;NON_INSCRITE;p-t-amylphénoxide de sodium;
1,4-dimethylnaphtalene;;INSCRITE;1,4-dimethylnaphtalène;
Spinetoram;;INSCRITE;spinétorame;
Fleur de chaux (chaux eteinte);;AUTRE_CAS;Fleur de chaux (chaux eteinte);
Alachlor;15972-60-8;NON_INSCRITE;alachlore;
Carbofuran;1563-66-2;NON_INSCRITE;carbofuran;
Ester Sulfurique Alcools et Acides Gras Sulfones;;AUTRE_CAS;Ester Sulfurique Alcools et Acides Gras Sulfones;
Sodium tetrathiocarbamate;;NON_INSCRITE;tétrathiocarbamate de sodium;
Sodium dichlorophenate;;NON_INSCRITE;dichlorophénate de sodium;
Chlorfenprop;;NON_INSCRITE;chlorfenprop;
Agrotis segetum granulosis virus;;NON_INSCRITE;virus de la granulose d'Agrotis segetum;
Trioxymethylen;;NON_INSCRITE;trioxymethylène;
Triazophos;;NON_INSCRITE;triazophos;
Heptachlore;;NON_INSCRITE;heptachlore;
Terpinolene;;NON_INSCRITE;terpinolène;
Butoxycarboxim;;NON_INSCRITE;butoxycarboxime;
Aldicarb;116-06-3;NON_INSCRITE;aldicarbe;
Primisulfuron;;NON_INSCRITE;primisulfuron;
Poix extrait de résine de pin;;AUTRE_CAS;Poix extrait de résine de pin;
Propham;122-42-9;NON_INSCRITE;prophame;
Aviglycine HCL;;NON_INSCRITE;aviglycine HCL;
Triazbutyl;;NON_INSCRITE;triazbutyl;
Lauryldimethylbenzylammonium chloride;;NON_INSCRITE;chlorure de lauryldimethylbenzylammonium;
Flubenzimine;37893-02-0;NON_INSCRITE;flubenzimine;
Acide S-abscisic;;INSCRITE;acide S-abscisique;
Chloralose;15879-93-3;NON_INSCRITE;chloralose;
Lineatin;;NON_INSCRITE;linéatine;
Mephospholan;;NON_INSCRITE;méphospholan;
Hexazinone;51235-04-2;NON_INSCRITE;hexazinone;
Ethanethiol;;NON_INSCRITE;éthanethiol;
Polyoxin;;NON_INSCRITE;polyoxine;
Pirimiphos-ethyl;;NON_INSCRITE;pyrimiphos-éthyl;
Propoxur;;NON_INSCRITE;propoxur;
Dimethenamid;;NON_INSCRITE;diméthénamide;
Sulfentrazone;;NON_INSCRITE;sulfentrazone;
Fatty acids / Isobutyric acid;;NON_INSCRITE;acides gras / acide isobutyrique;
Brofenprox;;NON_INSCRITE;brofenprox;
Anilazine;101-05-3;NON_INSCRITE;anilazine;
Ofurace;58810-48-3;NON_INSCRITE;ofurace;
Milk albumin;;NON_INSCRITE;albumine de lait;
Conifer needle powder;;NON_INSCRITE;poudre d'aiguille de conifère;
Peracetic acid;;NON_INSCRITE;acide peracétique;
Scilliroside;507-60-8;NON_INSCRITE;scilliroside;
Chlozolinate;72391-46-9;NON_INSCRITE;chlozolinate;
Formothion;2540-82-1;NON_INSCRITE;formothion;
Fonofos;944-22-9;NON_INSCRITE;fonofos;
Aschersonia aleyrodis;;NON_INSCRITE;Aschersonia aleyrodis;
Dichlofenthion;97-17-6;NON_INSCRITE;dichlofenthion;
Uniconazole;;NON_INSCRITE;uniconazole;
Dioctyldimethyl ammonium chloride;;NON_INSCRITE;chlorure de dioctyldiméthyl ammonium;
Huile de petrole;;AUTRE_CAS;Huile de petrole;
Phenols;;NON_INSCRITE;phénols;
Tebuthiuron;34014-18-1;NON_INSCRITE;tébuthiuron;
Alloxydim;66003-55-2;NON_INSCRITE;alloxydim;
Ethoxyquin;91-53-2;NON_INSCRITE;éthoxyquine;
Amines grasses de suif ethoxylees;;AUTRE_CAS;Amines grasses de suif ethoxylees;
Ammonium sulphate;;NON_INSCRITE;sulfate d'ammonium;
Tebutam;35256-85-0;NON_INSCRITE;tébutame;
Alkyldimethylbenzyl ammonium chloride;;NON_INSCRITE;chlorure d'alkyldimethylbenzyl ammonium;
Hydroxy-MCPA;;NON_INSCRITE;hydroxy-MCPA;
Butralin;33629-47-9;NON_INSCRITE;butraline;
Folic acid;;NON_INSCRITE;acide folique;
Potassium thiocyanate;;NON_INSCRITE;thiocyanate de potassium;
Repellent (by taste) of vegetal and animal origin/;;NON_INSCRITE;Repellent (by taste) of vegetal and animal origin/extract of food grade/pho;
Dinobuton;;NON_INSCRITE;dinobuton;
Butachlor;;NON_INSCRITE;butachlor;
Tetrasul;2227-13-6;NON_INSCRITE;tétrasul;
Bromopropylate;18181-80-1;NON_INSCRITE;bromopropylate;
Benzoximate;29104-30-1;NON_INSCRITE;benzoximate;
Anthraquinone;84-65-1;NON_INSCRITE;anthraquinone;
Plant oils / Peanut oil;;NON_INSCRITE;huile de plantes / huile d'arachide;
Sodium tetrathiocarbonate;;NON_INSCRITE;tétrathiocarbonatede sodium;
Rotenone;83-79-4;NON_INSCRITE;roténone;
Isoprothiolane;;NON_INSCRITE;isoprothiolane;
Thiophanate (ethyl);23564-06-9;NON_INSCRITE;thiophanate (éthyl);
Hexaflumuron;;NON_INSCRITE;hexaflumuron;
Polymeres d'hydrocarbures;;AUTRE_CAS;Polymeres d'hydrocarbures;
Garlic pulp;;NON_INSCRITE;pulpe d'ail;
Aramite;;NON_INSCRITE;aramite;
Trietazine;;NON_INSCRITE;triétazine;
Plant oils / Pinus oil;;NON_INSCRITE;huile de plantes / huile de pin;
Dichlorvos;62-73-7;NON_INSCRITE;dichlorvos;
Butocarboxim;;NON_INSCRITE;butocarboxime;
1,3-Diphenyl urea;;NON_INSCRITE;1,3-Diphényl urea;
Hexamethylene tetramine (urotropin);;NON_INSCRITE;hexaméthylène tetramine (urotropine);
Fatty acids / Isovaleric acid;;NON_INSCRITE;acides gras / acide isovalerique;
Phenothrin;;NON_INSCRITE;phénothrine;
lepimectin;;NON_INSCRITE;lépimectine;
Formaldehyde;50-00-0;NON_INSCRITE;formaldéhyde;
2-Methoxypropan-1-ol;;NON_INSCRITE;2-Méthoxypropan-1-ol;
Dimethirimol;;NON_INSCRITE;diméthyrimol;
2-Benzyl-4-chlorophenol;;NON_INSCRITE;2-Benzyl-4-chlorophenol;
Furalaxyl;57646-30-7;NON_INSCRITE;furalaxyl;
2-Naphthyloxyacetic acid;;NON_INSCRITE;acide 2-Naphthyloxyacetique;
Polyisobutene;;AUTRE_CAS;Polyisobutene;
Flumetsulam;;NON_INSCRITE;flumétsulame;
Delta-endotoxin of Bacillus thuringiensis;;NON_INSCRITE;delta-endotoxine de Bacillus thuringiensis;
Mefenacet;;NON_INSCRITE;méfénacet;
Ammonium sulphamate;;NON_INSCRITE;sulphamate d'ammonium;
Cetrimide;;NON_INSCRITE;cétrimide;
Bromophos;2104-96-3;NON_INSCRITE;bromophos;
Cinnamaldehyde;;NON_INSCRITE;cinnamaldéhyde;
1,2-dibromoethane;;NON_INSCRITE;1,2-dibromoéthane;
Fenoxaprop;66441-23-4 | 71283-80-2;NON_INSCRITE;fénoxaprop;
Coumafuryl;;NON_INSCRITE;coumafuryl;
4-CPA;122-88-3;NON_INSCRITE;4-CPA;
Chlorophylline;;NON_INSCRITE;chlorophylline (sel cuprique magnésique de la chlorophylle);
Strychnine;;NON_INSCRITE;strychnine;
Farnesol;;NON_INSCRITE;farnésol;
Iron pyrophosphate;;NON_INSCRITE;pyrophosphate de fer;
Temephos;3383-96-8;NON_INSCRITE;téméphos;
Fluazifop;69806-50-4;NON_INSCRITE;fluazifop;
DADZ (zinc-dimethylditiocarbamate);;NON_INSCRITE;DADZ (zinc-diméthylditiocarbamate);
Cyflumetofen;;INSCRITE;cyflumétofen;
2-Mercaptobenzothiazole;;NON_INSCRITE;2-Mercaptobenzothiazole;
MSMA (methyl arsonic acid);;NON_INSCRITE;MSMA (acide méthyl-arsenique);
Choline chloride;;NON_INSCRITE;chlorure de choline;
Pyroquilone;;NON_INSCRITE;pyroquilone;
Parathion;56-38-2;NON_INSCRITE;parathion;
Monocrotophos;6923-22-4;NON_INSCRITE;monocrotophos;
Ametryn;834-12-8;NON_INSCRITE;amétryne;
Agrobacterium radiobacter K 84;;NON_INSCRITE;Agrobacterium radiobacter K 84;
Flamprop;52756-25-9 | 57 973-67-8;NON_INSCRITE;flamprop | flamprop-M-isopropyl | flamprop-M | flamprop-isopropyl;
Chlorfenapyr;;NON_INSCRITE;chlorfénapyr;
Dieldrine;;NON_INSCRITE;dieldrine;
Dimethyl polysiloxane;;AUTRE_CAS;Dimethyl polysiloxane;
Sulprofos;;NON_INSCRITE;sulprofos;
Octylphenol octaglycol ether;;AUTRE_CAS;Octylphenol octaglycol ether;
Sodium fluosilicate;;NON_INSCRITE;fluosilicate de sodium;
DNOC;534-52-1;NON_INSCRITE;DNOC | HEC 5725 N (92% isomere E, 8% isomere Z) | HEC 5725 A (63% isomere E, 35% isomere Z);
Alpha oleine sulfonate de sodium;;AUTRE_CAS;Alpha oleine sulfonate de sodium;
Acridinic bases;;NON_INSCRITE;acridinate;
Desmetryne;1014-69-3;NON_INSCRITE;desmétryne;
Sulphuric acid;;NON_INSCRITE;acide sulphurique;
Gomme manille;;AUTRE_CAS;gomme manille;
Paraformaldehyde;;NON_INSCRITE;paraformaldéhyde;
Prothoate;2275-18-5;NON_INSCRITE;prothoate;
Polybutene;;AUTRE_CAS;polybutène;
Benzthiazuron;;NON_INSCRITE;benzthiazuron;
Bacillus sphaericus;;NON_INSCRITE;Bacillus sphaericus;
Bromophos-ethyl;4824-78-6;NON_INSCRITE;bromophos-éthyl;
Dichlorophen;97-23-4 | 97-23-4;NON_INSCRITE;dichlorophène | dichlorophène sel monosodique | dichlorophène sel de sodium;
Ditalimfos;5131-24-8;NON_INSCRITE;ditalimfos;
Flucythrinate;70124-77-5;NON_INSCRITE;flucythrinate;
Tetradifon;116-29-0;NON_INSCRITE;tetradifon;
Carbendazim;10605-21-7;NON_INSCRITE;carbendazime;
Thidiazuron;;NON_INSCRITE;thidiazuron;
Chlormephos;24934-91-6;NON_INSCRITE;chlorméphos;
Guazatine;115044-19-4;NON_INSCRITE;guazatine;